seed_index,seed,model,roc_auc,pr_auc,brier
0,20330904,logistic_bmi,0.8073028331918418,0.9657720037169781,0.17409336253328253
0,20330904,logistic_full,0.7731446082948402,0.9534350007738113,0.17738184304419086
0,20330904,rf_bmi,0.7851707639335795,0.9617816561745195,0.13113486915266312
0,20330904,rf_full,0.8228283981836496,0.9693885509087168,0.11149601996792384
1,20330905,logistic_bmi,0.8025275458997643,0.9629446131027327,0.17524758429194112
1,20330905,logistic_full,0.7507088870963053,0.9459223244739039,0.17931440855258934
1,20330905,rf_bmi,0.79037500289533,0.9614545381275736,0.1338215824683954
1,20330905,rf_full,0.8189710759240652,0.9710568817416906,0.11630302081531864
2,20330906,logistic_bmi,0.8128344305368008,0.967508255282149,0.1751973142192232
2,20330906,logistic_full,0.7620493484756496,0.9500849017053432,0.18580303351921923
2,20330906,rf_bmi,0.7721965519915347,0.9600228055784779,0.13693800938274023
2,20330906,rf_full,0.7873228738976377,0.9626052126434048,0.12416720065308573
3,20330907,logistic_bmi,0.8107755753142835,0.967833389581938,0.17343195877374998
3,20330907,logistic_full,0.7520853915339616,0.9446392081005628,0.17461876857277853
3,20330907,rf_bmi,0.7705351674103902,0.9546313715625419,0.13496638873756883
3,20330907,rf_full,0.8115169807216486,0.963272522879173,0.11235687556376872
4,20330908,logistic_bmi,0.8162372819566193,0.9674799131463487,0.17317683329210712
4,20330908,logistic_full,0.752588765724151,0.9395838609840745,0.18118227242512105
4,20330908,rf_bmi,0.7766467971628825,0.9583391886744406,0.13301135823305635
4,20330908,rf_full,0.8143268286640526,0.9688268052354942,0.11480957457970263
5,20330909,logistic_bmi,0.813288015154401,0.9677089976144605,0.1739808417609397
5,20330909,logistic_full,0.7704297875383085,0.9520971199486589,0.1722058599936551
5,20330909,rf_bmi,0.7922296443328629,0.9626859484775431,0.1325299342984559
5,20330909,rf_full,0.7867666083572786,0.9619901481135256,0.11743973731709893
6,20330910,logistic_bmi,0.8138173717671793,0.9680550240114232,0.17383826795039664
6,20330910,logistic_full,0.7918983180913213,0.9597887756108521,0.1703228437653426
6,20330910,rf_bmi,0.7969168129436796,0.962733440693142,0.12973679892923337
6,20330910,rf_full,0.8343201215735703,0.9734737162859988,0.1112822859752358
7,20330911,logistic_bmi,0.8022800079357186,0.9611346087965531,0.1738800440881092
7,20330911,logistic_full,0.7782354309607774,0.9524285591542961,0.1711099530701224
7,20330911,rf_bmi,0.7674981646137551,0.9566672001731686,0.1327584486915411
7,20330911,rf_full,0.8069684454555452,0.965451017822357,0.11196315950071528
8,20330912,logistic_bmi,0.8102023507042968,0.966574396241919,0.1742859756364187
8,20330912,logistic_full,0.7801983727752572,0.9530444639186455,0.17540205083610488
8,20330912,rf_bmi,0.7840564201257043,0.96102950032416,0.1353771255849561
8,20330912,rf_full,0.8377708692731691,0.9740977759467553,0.11161386607108016
9,20330913,logistic_bmi,0.813505622978937,0.9667734722762888,0.1729290680765112
9,20330913,logistic_full,0.7769347790839504,0.9528837334207161,0.17179185457087592
9,20330913,rf_bmi,0.7701685332721054,0.958292348280636,0.13634983851438534
9,20330913,rf_full,0.814376175125559,0.967987805380953,0.11462924861961686
10,20330914,logistic_bmi,0.8097527943692687,0.9675599019450215,0.17582133253625162
10,20330914,logistic_full,0.7731452528200518,0.9520816555795049,0.1788525182111584
10,20330914,rf_bmi,0.7813019610686651,0.9611348741871457,0.13622267804808127
10,20330914,rf_full,0.8305301521985888,0.9733033115773257,0.11459587362470014
11,20330915,logistic_bmi,0.8166634742527304,0.9676283756017001,0.17295454273898994
11,20330915,logistic_full,0.7877810104745439,0.9533601673826111,0.1716696769981692
11,20330915,rf_bmi,0.799770569166117,0.9645288946141125,0.13002342529228894
11,20330915,rf_full,0.8041370059185563,0.9619703685551734,0.11217808380783527
12,20330916,logistic_bmi,0.8104121436606433,0.9666749783950414,0.1743366496879025
12,20330916,logistic_full,0.757444699233319,0.9424701906752802,0.17364231128784466
12,20330916,rf_bmi,0.7567802340230778,0.9549238439688498,0.13717172864829832
12,20330916,rf_full,0.7770913181446959,0.96109917059066,0.11825881592672982
13,20330917,logistic_bmi,0.8108196850084464,0.9660520857771439,0.17322001017742966
13,20330917,logistic_full,0.7716684844291792,0.9529761348537522,0.17082222332749133
13,20330917,rf_bmi,0.7863491775757615,0.9617337692603087,0.1318670829419766
13,20330917,rf_full,0.826002604284685,0.9708856231382279,0.11003195865694237
14,20330918,logistic_bmi,0.8186782600639106,0.9693419854416787,0.17380771261383884
14,20330918,logistic_full,0.782624768499638,0.9543378845910124,0.17516001885946286
14,20330918,rf_bmi,0.7742723461422666,0.9584085841097865,0.13692798869282707
14,20330918,rf_full,0.8025805983812369,0.9643741303928366,0.11606635939801005
15,20330919,logistic_bmi,0.8165883467827637,0.9688911820248495,0.1726237160468798
15,20330919,logistic_full,0.7724857423973738,0.9476075173766424,0.16984638546866362
15,20330919,rf_bmi,0.800579911559058,0.9649564729005977,0.12884303990411924
15,20330919,rf_full,0.7952644718569094,0.9634793288546832,0.113247637819669
16,20330920,logistic_bmi,0.809639035669437,0.9660912268698951,0.17377650676273942
16,20330920,logistic_full,0.7759900662551796,0.9504838048603428,0.1751867095342401
16,20330920,rf_bmi,0.7951821740439643,0.9619522686268839,0.13429013489962552
16,20330920,rf_full,0.8247039665491436,0.9712362855241503,0.11101427918683553
17,20330921,logistic_bmi,0.8054244047457216,0.9644346449387761,0.17399055893604207
17,20330921,logistic_full,0.7708818414085313,0.9484203473551629,0.17560069404862866
17,20330921,rf_bmi,0.7660590002406917,0.9584066434004228,0.13728097777097054
17,20330921,rf_full,0.817700112489793,0.9700504292537768,0.11220227184536512
18,20330922,logistic_bmi,0.809073746776117,0.9662477022801004,0.17361710553279272
18,20330922,logistic_full,0.7643446236023139,0.9526714912323568,0.1710932121877216
18,20330922,rf_bmi,0.8000140788475907,0.9640579770982893,0.13338030704006454
18,20330922,rf_full,0.8211294700089349,0.9715988286661039,0.11642150400258722
19,20330923,logistic_bmi,0.8094681559227356,0.9656636730758854,0.17547047755354894
19,20330923,logistic_full,0.7658377871032541,0.9494213482362526,0.17771236063808094
19,20330923,rf_bmi,0.7672795295771632,0.9577443028960235,0.1392649203498534
19,20330923,rf_full,0.8161824570308155,0.9694078154068084,0.11666852602714618
20,20330924,logistic_bmi,0.813362216119376,0.9659705975768733,0.1736519934850609
20,20330924,logistic_full,0.7258120866604449,0.9369515571499483,0.17837047797154432
20,20330924,rf_bmi,0.775142193339438,0.9598950616111839,0.13540425626325633
20,20330924,rf_full,0.7988272460948344,0.9667453393145998,0.11662911500890176
21,20330925,logistic_bmi,0.8113791328920369,0.9650437378681472,0.17366669209678562
21,20330925,logistic_full,0.7771025167702459,0.9513499860519511,0.1738399007498454
21,20330925,rf_bmi,0.77132527475405,0.9574551009320417,0.13633028001980665
21,20330925,rf_full,0.8308191009074738,0.9733497265184992,0.11247205362571837
22,20330926,logistic_bmi,0.8158109285292053,0.9676966241250426,0.17293331540154985
22,20330926,logistic_full,0.7746983571656619,0.9506661748336246,0.17345219101464693
22,20330926,rf_bmi,0.787818574209527,0.9623426896709211,0.13360227843653139
22,20330926,rf_full,0.8328069777910733,0.9734049107676223,0.11290184694026899
23,20330927,logistic_bmi,0.8162200409072116,0.9680200137525015,0.1735478778982625
23,20330927,logistic_full,0.7735916670946738,0.9507664117816879,0.17173181657875133
23,20330927,rf_bmi,0.7550675492633803,0.9563267554929956,0.13997498900706176
23,20330927,rf_full,0.8076099091723009,0.9655544179434179,0.11440240161896793
24,20330928,logistic_bmi,0.8146371675533943,0.9674174119799575,0.1734603023105763
24,20330928,logistic_full,0.7763637297465527,0.950990881030085,0.17484811959247618
24,20330928,rf_bmi,0.7915858844950415,0.9623511640741733,0.13482989966361705
24,20330928,rf_full,0.8411591785929032,0.9748563484074877,0.10845273142639651
25,20330929,logistic_bmi,0.7866462029912032,0.9624770346128022,0.17574841696901627
25,20330929,logistic_full,0.7431907824838206,0.9433681014019194,0.1745816728234592
25,20330929,rf_bmi,0.769311173750907,0.9473177077377668,0.13798020116124887
25,20330929,rf_full,0.8083031766029313,0.958256751123765,0.1122917242565267
26,20330930,logistic_bmi,0.8137674613461128,0.965513227887515,0.17149422634916225
26,20330930,logistic_full,0.7690179550624957,0.9505984205922084,0.17287551849384838
26,20330930,rf_bmi,0.7851880049829874,0.9611039642931887,0.13225384278644595
26,20330930,rf_full,0.8148802341237854,0.9694039134501337,0.11704144991060984
27,20330931,logistic_bmi,0.8084583057647765,0.9667991443028222,0.175553091122402
27,20330931,logistic_full,0.7806683927857507,0.9542779025224152,0.17298724962628315
27,20330931,rf_bmi,0.7275157279257687,0.9480547131422795,0.14466613608492826
27,20330931,rf_full,0.7735064286354519,0.9568785588530135,0.12394989281234103
28,20330932,logistic_bmi,0.8074068434478495,0.9659709969329362,0.17611430713743764
28,20330932,logistic_full,0.7767914125072152,0.9513732688064549,0.17668979846555383
28,20330932,rf_bmi,0.7755270957391867,0.9564097830104423,0.14029778283572228
28,20330932,rf_full,0.8150996143926529,0.9649606471377226,0.11594942318950782
29,20330933,logistic_bmi,0.8122313563529561,0.9672446771541975,0.1731986835752301
29,20330933,logistic_full,0.7778722410040917,0.9526835203815088,0.1733029349254468
29,20330933,rf_bmi,0.778022032691529,0.9597611129160069,0.13547831197269397
29,20330933,rf_full,0.8162373222394455,0.9696625836763387,0.11602177098456509
30,20330934,logistic_bmi,0.8108458688451639,0.9670661191926612,0.1741764346265293
30,20330934,logistic_full,0.7798332895257625,0.9541745157485153,0.17472596038407825
30,20330934,rf_bmi,0.781211224003732,0.9606408494157176,0.13566334719766152
30,20330934,rf_full,0.8164648799219341,0.9670631024118035,0.11626157255258879
31,20330935,logistic_bmi,0.8176073008593353,0.9690631502252951,0.17360719759891519
31,20330935,logistic_full,0.7794043982803283,0.9546285466772896,0.17400728239457108
31,20330935,rf_bmi,0.781494915803861,0.9616614991164206,0.13523807061334522
31,20330935,rf_full,0.8081710489345718,0.9629699538347785,0.11964008053700081
32,20330936,logistic_bmi,0.8043913113973226,0.9654204300891587,0.17407682894654397
32,20330936,logistic_full,0.7749562880987432,0.9530003239057386,0.17257880830482852
32,20330936,rf_bmi,0.7735996632355789,0.9598345623820853,0.1338878618068513
32,20330936,rf_full,0.825783586561249,0.9713780635992771,0.11392126937834239
33,20330937,logistic_bmi,0.8163864089774324,0.9687274883668089,0.17355507816405677
33,20330937,logistic_full,0.7880525972855438,0.9545818895763346,0.17606356039595356
33,20330937,rf_bmi,0.7508824657923301,0.948737274148642,0.1429560695935914
33,20330937,rf_full,0.8061760017079941,0.9649787765416089,0.11855519504491845
34,20330938,logistic_bmi,0.8176279256661036,0.9685587598956786,0.17347617416797295
34,20330938,logistic_full,0.7923876738581601,0.957484545900654,0.17016088186335904
34,20330938,rf_bmi,0.7543635464596953,0.9517277625683587,0.14162809525086129
34,20330938,rf_full,0.8205039180083389,0.9709936857435372,0.11378270709947987
35,20330939,logistic_bmi,0.816666817727265,0.9688047769020685,0.17361681797372208
35,20330939,logistic_full,0.7784268146657705,0.9510600187416468,0.17481534303808638
35,20330939,rf_bmi,0.790785364040933,0.9595144508154927,0.13258120526409276
35,20330939,rf_full,0.8364508010743452,0.973832985485155,0.11248085237293853
36,20330940,logistic_bmi,0.8147181763159161,0.9678687173502094,0.17470260855658473
36,20330940,logistic_full,0.7808258986343134,0.9571577620822886,0.17429956107765984
36,20330940,rf_bmi,0.7745676595376156,0.9581598270472383,0.1335897783325831
36,20330940,rf_full,0.7960675905532766,0.9626898314219529,0.1164831399031293
37,20330941,logistic_bmi,0.8010136770264044,0.9619842602029222,0.17502090418756014
37,20330941,logistic_full,0.7457941406615872,0.9467799710419021,0.18391648471346533
37,20330941,rf_bmi,0.7794063721387883,0.9598668600808442,0.13061203726525072
37,20330941,rf_full,0.8085719436161314,0.9699733755594023,0.11810880606164623
38,20330942,logistic_bmi,0.8140618482364701,0.9684064115528775,0.17284523599223242
38,20330942,logistic_full,0.788793116470743,0.9561097800971502,0.16962946511049484
38,20330942,rf_bmi,0.7475422743079176,0.9378968640195777,0.1391525217364294
38,20330942,rf_full,0.8044974969259189,0.9609327705096512,0.11455406389719137
39,20330943,logistic_bmi,0.8116484638647966,0.967580547983804,0.17420838761894766
39,20330943,logistic_full,0.7576109464550629,0.9430445232485918,0.17488615056289566
39,20330943,rf_bmi,0.7804412580729319,0.9612991602707165,0.13267405590478487
39,20330943,rf_full,0.8049289662721992,0.9664484958777222,0.113552561972445
40,20330944,logistic_bmi,0.8082344138194283,0.9670679080832394,0.17423143689438922
40,20330944,logistic_full,0.7721219884811281,0.9526701582198969,0.17446696129402736
40,20330944,rf_bmi,0.7523221135593021,0.9566673080406092,0.14039466741044898
40,20330944,rf_full,0.8006063370927305,0.9668789498628712,0.11568803042105914
41,20330945,logistic_bmi,0.8173548081077262,0.9691087681347923,0.1742183206257418
41,20330945,logistic_full,0.7667149053504676,0.9499516527537228,0.17811967444459365
41,20330945,rf_bmi,0.7843039580897502,0.9626226243542335,0.13466135355009848
41,20330945,rf_full,0.8263155615576988,0.9715470716882857,0.11405613162965574
42,20330946,logistic_bmi,0.8171212080013797,0.9678838285394432,0.17303887791927008
42,20330946,logistic_full,0.7916148478467339,0.954996429208337,0.1714426076169282
42,20330946,rf_bmi,0.7839237486391978,0.9602992698908586,0.13330082759378784
42,20330946,rf_full,0.8267048547854509,0.9698828208748429,0.11115766295316992
43,20330947,logistic_bmi,0.8140078692500062,0.9666084136420361,0.173553416890802
43,20330947,logistic_full,0.770895940397533,0.9503780822310987,0.1745307676769141
43,20330947,rf_bmi,0.7952843312899889,0.963953809140083,0.13261066016957493
43,20330947,rf_full,0.8257788331878138,0.9716412455137549,0.11395627863517141
44,20330948,logistic_bmi,0.8165750534502763,0.9688403867707871,0.17408561093922412
44,20330948,logistic_full,0.763213884684371,0.9462019402780998,0.1801938580485627
44,20330948,rf_bmi,0.788101218656187,0.9602502517864487,0.13392710272403663
44,20330948,rf_full,0.8202020787952234,0.9698172469523149,0.11699469986415188
45,20330949,logistic_bmi,0.8122350623729221,0.9674624563106163,0.17346810720775802
45,20330949,logistic_full,0.7764273766111892,0.9528705830712986,0.17275975812033026
45,20330949,rf_bmi,0.7789523242686925,0.9615563373692653,0.13463180818172074
45,20330949,rf_full,0.8118141471269806,0.9687347902893817,0.11898750858475107
46,20330950,logistic_bmi,0.8142171788124443,0.968401662770174,0.1732101769770185
46,20330950,logistic_full,0.780552217116376,0.9561751628036452,0.1745040580409763
46,20330950,rf_bmi,0.7918065739557453,0.9632541576635231,0.135520069090129
46,20330950,rf_full,0.8189763126914088,0.9707457507247663,0.11914498838775844
47,20330951,logistic_bmi,0.8105224380374628,0.9672280386206606,0.17476142722667998
47,20330951,logistic_full,0.7654100640597657,0.9496878316037939,0.1748093369027573
47,20330951,rf_bmi,0.7447266256386104,0.9444841828762318,0.14303243103685068
47,20330951,rf_full,0.8050300358819292,0.9657168873615429,0.11625470269049817
48,20330952,logistic_bmi,0.8131467432846031,0.9677882170131579,0.17298418075113264
48,20330952,logistic_full,0.7637386893378431,0.9488488757348781,0.17876293009398292
48,20330952,rf_bmi,0.7675989925265307,0.9589015020338245,0.13534698214195778
48,20330952,rf_full,0.8013008935737838,0.9653012509668503,0.11735505013814564
49,20330953,logistic_bmi,0.8097199638663074,0.9675615227064864,0.1748957838011398
49,20330953,logistic_full,0.7697726538023483,0.9526604922745538,0.17382525864668916
49,20330953,rf_bmi,0.7679411347067782,0.9573908286840846,0.13381895703201035
49,20330953,rf_full,0.8125695709576966,0.9704801759178423,0.11764085860449874
50,20330954,logistic_bmi,0.8213727782762797,0.9696700097489303,0.17196819581870026
50,20330954,logistic_full,0.764224339084716,0.9461977205149399,0.17184917933075378
50,20330954,rf_bmi,0.7730173749898055,0.9604264093631895,0.1327879050487207
50,20330954,rf_full,0.8072749574764443,0.9616678875901727,0.11441924815365097
51,20330955,logistic_bmi,0.8119681886525313,0.9647763807303239,0.17384284453445667
51,20330955,logistic_full,0.7646800184092534,0.9522274887827655,0.17512683523511371
51,20330955,rf_bmi,0.7718258492878519,0.9551263258447615,0.1379146553976016
51,20330955,rf_full,0.8284186876056817,0.9721385078013611,0.11001101832985151
52,20330956,logistic_bmi,0.8184664932491039,0.9693113372193732,0.17390365237145705
52,20330956,logistic_full,0.7831977916954962,0.953566815078867,0.17532720580280312
52,20330956,rf_bmi,0.7456794151739382,0.9507555853879468,0.1389830973546871
52,20330956,rf_full,0.8186577561056197,0.9690509071274529,0.11261193057353688
53,20330957,logistic_bmi,0.8124447344807916,0.9681536651918903,0.1750286886700622
53,20330957,logistic_full,0.7812752132723874,0.955093108719802,0.1688411965844808
53,20330957,rf_bmi,0.7646519614211397,0.9589734315441005,0.14124005032390316
53,20330957,rf_full,0.8310539497814176,0.9726888818386128,0.11312063607483944
54,20330958,logistic_bmi,0.8143901129832575,0.9687981347421796,0.17447330043491466
54,20330958,logistic_full,0.7962612703793354,0.9576916247570386,0.16932337120722116
54,20330958,rf_bmi,0.7755549311717589,0.9603672211395662,0.13692657153017831
54,20330958,rf_full,0.8173171436656792,0.9695160851718498,0.11726972308695567
55,20330959,logistic_bmi,0.8147439573243764,0.967539783099627,0.17240517199306776
55,20330959,logistic_full,0.7874494022532219,0.9553975845040031,0.17252715691479587
55,20330959,rf_bmi,0.7307204482672864,0.9439253584265467,0.13849141589057026
55,20330959,rf_full,0.8080286491456538,0.963947834135025,0.11271015210317295
56,20330960,logistic_bmi,0.8180085178035005,0.9687224465902569,0.173825012886442
56,20330960,logistic_full,0.7629666689829312,0.947492660598228,0.18388830431726294
56,20330960,rf_bmi,0.7464137308039764,0.949366515168809,0.1435092122052687
56,20330960,rf_full,0.7970335727140275,0.9654676017166239,0.12137327723225141
57,20330961,logistic_bmi,0.8183733996388664,0.9684487395903227,0.1740765405499809
57,20330961,logistic_full,0.7772737993452047,0.9536400267496447,0.17830484006794195
57,20330961,rf_bmi,0.7668489867358742,0.9523872973922834,0.13474698948077873
57,20330961,rf_full,0.8172881400311609,0.9690139234628771,0.11541032274411445
58,20330962,logistic_bmi,0.8094155465523459,0.9641709465360663,0.17366449486828278
58,20330962,logistic_full,0.7825674057558135,0.9548859572220981,0.17296258942066686
58,20330962,rf_bmi,0.7657286005041413,0.9571363535581643,0.14220045474089238
58,20330962,rf_full,0.7967889753962596,0.96611976979102,0.11881690441783178
59,20330963,logistic_bmi,0.8155573884241276,0.9670213066149806,0.17307886661421562
59,20330963,logistic_full,0.7689449222994666,0.9487943081360508,0.17060570723147425
59,20330963,rf_bmi,0.7709643003527789,0.959800737649541,0.13518746840313553
59,20330963,rf_full,0.818588550211034,0.9699700023787312,0.11177162533078067
60,20330964,logistic_bmi,0.8087773054616483,0.966480316452319,0.1743040455458821
60,20330964,logistic_full,0.7859431871167487,0.9532685846139375,0.17271337566856942
60,20330964,rf_bmi,0.7807917790809293,0.9600623631949328,0.1342214198451023
60,20330964,rf_full,0.833080619026185,0.9711880916829243,0.10999614730091516
61,20330965,logistic_bmi,0.8158345342650771,0.9686237925432125,0.17378411375613484
61,20330965,logistic_full,0.7811285435039432,0.9539066779298289,0.1740871459398809
61,20330965,rf_bmi,0.7686853397705307,0.9568238195511343,0.13311586895096672
61,20330965,rf_full,0.8205165668156147,0.96946138671659,0.10943921671925956
62,20330966,logistic_bmi,0.8100663156018425,0.966639227688906,0.17395815685831467
62,20330966,logistic_full,0.7573375871997315,0.9482260833242466,0.17890497014464962
62,20330966,rf_bmi,0.7496601035872883,0.9537319659169307,0.13683097168652536
62,20330966,rf_full,0.8049797830568444,0.9673178339276511,0.11804833288088144
63,20330967,logistic_bmi,0.8168868828041701,0.9681546868530249,0.17317455013229088
63,20330967,logistic_full,0.7728564652424694,0.9516397390996201,0.17535354046532786
63,20330967,rf_bmi,0.7918302602572681,0.9630780592642202,0.13150811223673853
63,20330967,rf_full,0.8455341351629815,0.9761234402971377,0.11002513684350089
64,20330968,logistic_bmi,0.8198361093235625,0.9691837830692198,0.17323269987192294
64,20330968,logistic_full,0.7840255634812037,0.9574626390669116,0.1728747319963677
64,20330968,rf_bmi,0.7853273432771507,0.962138177056737,0.1341862734560667
64,20330968,rf_full,0.8230852817632621,0.9689166236476938,0.11337764321458148
65,20330969,logistic_bmi,0.7997054116955162,0.9647257042694519,0.17585382019040388
65,20330969,logistic_full,0.7671890342091847,0.948051657108042,0.17751749566909872
65,20330969,rf_bmi,0.7549995115707402,0.9564609361090739,0.14036077343014794
65,20330969,rf_full,0.8015404152555112,0.9669597090035872,0.11864477115167422
66,20330970,logistic_bmi,0.8127253849275784,0.9646753304677793,0.1731878420890144
66,20330970,logistic_full,0.7839632459498158,0.9517672272977291,0.17536394555775964
66,20330970,rf_bmi,0.7720578783639955,0.9586740044661213,0.1346520289968651
66,20330970,rf_full,0.798798403591619,0.9626206881131737,0.10930538312184263
67,20330971,logistic_bmi,0.8144431654647298,0.9673207684390358,0.1737072851473203
67,20330971,logistic_full,0.7687894305921898,0.9505850791382564,0.1771958122015953
67,20330971,rf_bmi,0.7886345632687115,0.9597228514276714,0.13251128479899896
67,20330971,rf_full,0.8086033642201922,0.9657759355461479,0.11541980447503492
68,20330972,logistic_bmi,0.8167120553405479,0.9668581276515924,0.17266010743160384
68,20330972,logistic_full,0.7443230521491412,0.9429552665219842,0.17790341859999473
68,20330972,rf_bmi,0.777119435557048,0.9616213764479481,0.13632433041966432
68,20330972,rf_full,0.8134221166812211,0.968125203597253,0.11358413996169836
69,20330973,logistic_bmi,0.8155867948869029,0.9676345216710819,0.17392493466908326
69,20330973,logistic_full,0.7730677486633676,0.9518085360669791,0.17490181168557756
69,20330973,rf_bmi,0.7762813513679565,0.958917640969114,0.13602283071148472
69,20330973,rf_full,0.8129902445066837,0.9685283705331363,0.11487737015648918
70,20330974,logistic_bmi,0.8004268368213243,0.9641993601460066,0.17616057317705902
70,20330974,logistic_full,0.769031731788892,0.9524585542269659,0.1754492573832323
70,20330974,rf_bmi,0.7615775963036497,0.956325680433282,0.138027837632543
70,20330974,rf_full,0.8240807912352651,0.9696677584044837,0.11386519587884837
71,20330975,logistic_bmi,0.814187329238586,0.9678300823676191,0.17306374401278138
71,20330975,logistic_full,0.765868361767975,0.9487549380525829,0.17294609036290745
71,20330975,rf_bmi,0.7996352994373517,0.9642431186948909,0.1343371645241519
71,20330975,rf_full,0.8171064644871665,0.9689291851721253,0.11356782730466701
72,20330976,logistic_bmi,0.8142075109342716,0.9681710274628141,0.17398241814075052
72,20330976,logistic_full,0.7814639383108829,0.9526544146388171,0.17417189504510425
72,20330976,rf_bmi,0.7901603357170716,0.9634595327970793,0.13574952428953088
72,20330976,rf_full,0.8208263618868096,0.9696517780600853,0.11664697695671293
73,20330977,logistic_bmi,0.8192143841914098,0.9689644398178295,0.172950273959882
73,20330977,logistic_full,0.7836026340939758,0.9526609947055331,0.17384188620759017
73,20330977,rf_bmi,0.7907443964071765,0.963307163239062,0.1322049483797596
73,20330977,rf_full,0.8188804798490222,0.9704030294763653,0.1138777872669365
74,20330978,logistic_bmi,0.8126955353537204,0.9668670828957624,0.17484344960369108
74,20330978,logistic_full,0.7874516580914621,0.9538361978322942,0.17173959958584806
74,20330978,rf_bmi,0.8004094950648523,0.9652092210451718,0.13202601366408948
74,20330978,rf_full,0.806895775237948,0.966991642089741,0.11700045465141505
75,20330979,logistic_bmi,0.8038700516325138,0.9651131062745594,0.17591445454744495
75,20330979,logistic_full,0.775754572856024,0.9516422198456439,0.17584921184092778
75,20330979,rf_bmi,0.7737487298321535,0.9593024453534298,0.13541143827810448
75,20330979,rf_full,0.825184097548893,0.9720539077632676,0.11557853675717511
76,20330980,logistic_bmi,0.8136010529930663,0.9672196702769381,0.17373892279276873
76,20330980,logistic_full,0.7714542603620036,0.9518076588328335,0.1739880192398374
76,20330980,rf_bmi,0.7792709815615455,0.9606591855787732,0.13803898935247386
76,20330980,rf_full,0.8267419955507642,0.97030773302057,0.11387557917927867
77,20330981,logistic_bmi,0.8124513408642094,0.9673101588890802,0.17359640643479782
77,20330981,logistic_full,0.7873781822173501,0.9580575672660381,0.17122568559661033
77,20330981,rf_bmi,0.7692239211503987,0.9516772252989776,0.13385625481912014
77,20330981,rf_full,0.8337497167613838,0.972009985207692,0.10868167340299875
78,20330982,logistic_bmi,0.8092697227232417,0.9673650124070414,0.17365350905297236
78,20330982,logistic_full,0.7429485215699447,0.9428865438530815,0.1861615268823175
78,20330982,rf_bmi,0.7777489352745647,0.9609771595148316,0.13553783131753935
78,20330982,rf_full,0.783496408282554,0.9614975758709094,0.11684752765501893
79,20330983,logistic_bmi,0.8193175485080771,0.9684904743751206,0.17332243253601404
79,20330983,logistic_full,0.7835681117123341,0.9523723249300555,0.1737437457055011
79,20330983,rf_bmi,0.793910566084481,0.9626008108421621,0.13580948940055526
79,20330983,rf_full,0.8209843712706937,0.96856028276595,0.11507758709172858
80,20330984,logistic_bmi,0.8183979318797295,0.968385535183891,0.1729194841661515
80,20330984,logistic_full,0.7916794614991879,0.9554424124544695,0.17346615601386217
80,20330984,rf_bmi,0.7815997115749699,0.9599782314441703,0.1324745027580621
80,20330984,rf_full,0.8359193900374551,0.9733320686725411,0.11171226306905131
81,20330985,logistic_bmi,0.8159512738940118,0.967738547136803,0.17443888459319012
81,20330985,logistic_full,0.7790541391106984,0.9525919520685245,0.17555316217141004
81,20330985,rf_bmi,0.7940872666994991,0.9648874972075193,0.13577805171441426
81,20330985,rf_full,0.8365231490293373,0.9742726147044476,0.11183029953549897
82,20330986,logistic_bmi,0.8144705577862189,0.9672231952429959,0.17443032007534798
82,20330986,logistic_full,0.7633220843542532,0.9460809591228769,0.17457771761408694
82,20330986,rf_bmi,0.7848387730254133,0.9619748845593292,0.13505889746124985
82,20330986,rf_full,0.8303004998091624,0.9731583086896425,0.11216378565966087
83,20330987,logistic_bmi,0.8141290802725958,0.9682647557415861,0.17499361357015475
83,20330987,logistic_full,0.7918564239525729,0.9575611952896974,0.1741282162143772
83,20330987,rf_bmi,0.7790416917175509,0.9602328756055544,0.13281757999531965
83,20330987,rf_full,0.8085146211551323,0.9648347771187327,0.11453564672802684
84,20330988,logistic_bmi,0.8139876875543209,0.9671049000608447,0.174115224513968
84,20330988,logistic_full,0.7732327874003398,0.9506774085967483,0.17623262419080696
84,20330988,rf_bmi,0.7521850915276171,0.9481330352117898,0.13816907096692996
84,20330988,rf_full,0.8184793031876829,0.9696001820495208,0.11760283334319144
85,20330989,logistic_bmi,0.8162116620794618,0.9683201250228473,0.17398763787551563
85,20330989,logistic_full,0.7768118358998549,0.9534380873860027,0.17644693234016737
85,20330989,rf_bmi,0.7630440120083121,0.9565996299276517,0.13532532147478754
85,20330989,rf_full,0.7993588988286784,0.9667744631251076,0.12228308307503505
86,20330990,logistic_bmi,0.8104909368677504,0.9670834635160452,0.17335918807058692
86,20330990,logistic_full,0.7721165100168301,0.9543622225303404,0.17429419843140143
86,20330990,rf_bmi,0.7968614643411409,0.9651321826355764,0.13343775071651767
86,20330990,rf_full,0.8227627976019656,0.9705196009334855,0.11447997375929132
87,20330991,logistic_bmi,0.8085521647487026,0.966768719657038,0.17506349356282314
87,20330991,logistic_full,0.7426900669601291,0.940905122494071,0.17904182045853698
87,20330991,rf_bmi,0.780967351776827,0.9586955035297585,0.13638811993852143
87,20330991,rf_full,0.8144075353053815,0.9689420944100022,0.11606348463153311
88,20330992,logistic_bmi,0.815619061430304,0.9673468192818738,0.17452058032224838
88,20330992,logistic_full,0.7773133570800612,0.9541819977682241,0.17894510693824167
88,20330992,rf_bmi,0.7972677569213468,0.9630970303120218,0.13347053969011122
88,20330992,rf_full,0.8112594123339993,0.9691541344127567,0.11858410217242057
89,20330993,logistic_bmi,0.8138462948360456,0.9662153397932445,0.17312085521643503
89,20330993,logistic_full,0.792643510084304,0.9549777451813571,0.16988645439240835
89,20330993,rf_bmi,0.7821885256385098,0.9620971839958222,0.13557096283720757
89,20330993,rf_full,0.8264679514873952,0.9729080639993257,0.11356835317537466
90,20330994,logistic_bmi,0.8110673841037945,0.9647018063995045,0.17340706020006402
90,20330994,logistic_full,0.7679999677737416,0.951203747239763,0.17508195746889216
90,20330994,rf_bmi,0.7520243630529968,0.9525403820012779,0.1362338481107106
90,20330994,rf_full,0.82710631342657,0.9706184008917982,0.10869606628760199
91,20330995,logistic_bmi,0.8087807295018343,0.966591424442836,0.17352883323554774
91,20330995,logistic_full,0.7750889797266629,0.9536576217730801,0.17363873413010605
91,20330995,rf_bmi,0.7548062547143514,0.9548900644667566,0.1409835079674246
91,20330995,rf_full,0.8108909453271442,0.9683344541960419,0.11560228965057813
92,20330996,logistic_bmi,0.8174396437386914,0.9692954259995006,0.17299997031023848
92,20330996,logistic_full,0.7921279704807472,0.9565548189346793,0.17379953742318702
92,20330996,rf_bmi,0.7954241328366478,0.9642102544763431,0.13128299257911566
92,20330996,rf_full,0.8251559801365408,0.968046603927413,0.11096154612925385
93,20330997,logistic_bmi,0.809066294453359,0.9670867817711919,0.17404789621104358
93,20330997,logistic_full,0.7776613604114508,0.9522276750837434,0.1734915085181178
93,20330997,rf_bmi,0.7814092140921429,0.9622188685874857,0.13695838248262351
93,20330997,rf_full,0.8413016186646466,0.9745511294766633,0.10855448572927479
94,20330998,logistic_bmi,0.8131397743557537,0.9666244486556016,0.17332664987765167
94,20330998,logistic_full,0.7832242172291679,0.9516312666226394,0.1751091551094976
94,20330998,rf_bmi,0.7535901967715348,0.9554344914094831,0.1388256475301481
94,20330998,rf_full,0.7828433431119914,0.9624839519746148,0.12232149984913838
95,20330999,logistic_bmi,0.8188749611018983,0.9689385730132974,0.17318141910175847
95,20330999,logistic_full,0.7962756513481171,0.9544757961964212,0.1718920559932306
95,20330999,rf_bmi,0.7814009158300447,0.962293362033627,0.13613018497754056
95,20330999,rf_full,0.8212295325480217,0.9690470677623357,0.1161204959658361
96,20331000,logistic_bmi,0.7955301773753543,0.9641378822829729,0.17545473095657174
96,20331000,logistic_full,0.7823574919509899,0.9552258001498759,0.17207666161062676
96,20331000,rf_bmi,0.7685049935597851,0.9539082656217165,0.13571153419468568
96,20331000,rf_full,0.8088562598000584,0.9663179943878912,0.11408396979521118
97,20331001,logistic_bmi,0.8095947648439714,0.9673817022299906,0.1746156931601274
97,20331001,logistic_full,0.7734615132847744,0.9537977736081622,0.17721468158615666
97,20331001,rf_bmi,0.7561659813550959,0.9502573941257695,0.13867934217127456
97,20331001,rf_full,0.8021871560224358,0.9651273369091399,0.11401096005216806
98,20331002,logistic_bmi,0.8141545390184505,0.9664317300819774,0.17340566804321833
98,20331002,logistic_full,0.7906748481085721,0.9554354314963223,0.1703107676240041
98,20331002,rf_bmi,0.7845575586190663,0.9617209987153278,0.13300101860910218
98,20331002,rf_full,0.8393572875156495,0.9742347655508699,0.1069105619259585
99,20331003,logistic_bmi,0.8134955119896815,0.9680358671611352,0.1735061623703637
99,20331003,logistic_full,0.775879610747057,0.9503327378320298,0.17329553184967045
99,20331003,rf_bmi,0.7812369848707796,0.9591034739296947,0.1356437050361221
99,20331003,rf_full,0.8288543866486623,0.9712077032994291,0.10926093951089852
