case,mode,threshold,eta,error_multiplier,n_left,n_interval,n_right,n_uninformative,state_conflicts,uncertain_visits,chosen_distribution,aic,bic,intercept,beta_bmi_std,beta_bmi_raw,time_ratio_per_bmi,sigma,rho,feasible_k4,cutpoints,times,coverage,total_cost,individuals_after_25,tau_median,tau_q90,tau_max
hard_threshold_0.035,hard,0.035,0.025,1.0,231,31,5,0,27,0,loglogistic,281.4882138771919,292.2499598523927,2.0285756367029255,0.1328791721549836,0.0444986517295966,1.045503567087989,0.2556078823369364,0.8,True,"[31.0253201733632, 33.6163850333305, 36.09730783]","[10.180408936639358, 11.463964821058678, 12.648047128875271, 15.099269748298955]","[0.8130081300813008, 0.8095238095238095, 0.8, 0.8]",38.284218656531394,0,10.570249555985262,12.780827751909923,21.149783858333343
hard_threshold_0.035,hard,0.035,0.025,1.0,231,31,5,0,27,0,loglogistic,281.4882138771919,292.2499598523927,2.0285756367029255,0.1328791721549836,0.0444986517295966,1.045503567087989,0.2556078823369364,0.9,True,"[30.7981037518733, 33.6163850333305, 36.09730783]","[12.547291436010356, 14.243831449806134, 15.77582618976349, 20.153747263960497]","[0.907563025210084, 0.9090909090909091, 0.9, 0.9]",30.37639574430651,1,13.004865604822507,15.724600100653117,26.021154485697668
credible_threshold_0.035,credible,0.035,0.025,1.0,251,4,6,6,1,178,loglogistic,87.72155591749024,98.41511713945832,0.9846131312756256,0.4184143511548841,0.1402512215702017,1.1505628087483777,0.4384505953325578,0.8,True,"[29.37857702, 30.5711615791423, 36.09730783]","[10.0, 10.0, 10.0, 14.025971141196536]","[1.0, 1.0, 1.0, 0.8]",306.45523904554454,2,4.5583762354529505,8.293767952559405,40.569537666064
credible_threshold_0.035,credible,0.035,0.025,1.0,251,4,6,6,1,178,loglogistic,87.72155591749024,98.41511713945832,0.9846131312756256,0.4184143511548841,0.1402512215702017,1.1505628087483777,0.4384505953325578,0.9,True,"[28.56652825177255, 34.01253445026795, 35.2208681140727]","[10.0, 10.0, 10.952149689140878, 22.50539598753375]","[1.0, 1.0, 0.9, 0.9]",158.2408042595685,3,6.504663020481703,11.834952385431771,57.89148542896966
hard_threshold_0.040,hard,0.04,0.025,1.0,217,43,7,0,32,0,lognormal,368.0336446095855,378.7953905847863,2.0470704846991445,0.1170110221658537,0.0391847167576378,1.0399625644223078,0.5339858058446498,0.8,True,"[31.0253201733632, 33.6163850333305, 36.09730783]","[11.490087239363088, 12.756590430847398, 13.909946400520912, 16.258138253574685]","[0.8130081300813008, 0.8095238095238095, 0.8, 0.8]",37.173470070089394,0,11.87666321522604,14.038455772747074,21.87479518341232
hard_threshold_0.040,hard,0.04,0.025,1.0,217,43,7,0,32,0,lognormal,368.0336446095855,378.7953905847863,2.0470704846991445,0.1170110221658537,0.0391847167576378,1.0399625644223078,0.5339858058446498,0.9,True,"[30.7981037518733, 33.6163850333305, 36.09730783]","[14.555233325266702, 16.274919618043704, 17.806810226238223, 22.092664519537998]","[0.907563025210084, 0.9090909090909091, 0.9, 0.9]",30.1018075386625,2,15.021641878471913,17.755884066378293,27.667311386659396
credible_threshold_0.040,credible,0.04,0.025,1.0,235,16,9,7,3,208,loglogistic,195.06251829895663,205.74456319200328,1.7125349135824444,0.2477549699106448,0.0829512495839178,1.086488840474099,0.3737705259364266,0.8,True,"[32.9759465231214, 34.3202115368548, 36.09730783]","[10.0, 11.113965017522302, 12.747295267682109, 17.287901100453066]","[0.9567567567567568, 0.8205128205128205, 0.8260869565217391, 0.8]",101.94980059312894,2,8.892896187069956,12.670245353887676,32.400939476099225
credible_threshold_0.040,credible,0.04,0.025,1.0,235,16,9,7,3,208,loglogistic,195.06251829895663,205.74456319200328,1.7125349135824444,0.2477549699106448,0.0829512495839178,1.086488840474099,0.3737705259364266,0.9,True,"[30.68221255328655, 32.642336522060546, 34.50887419732065]","[11.251677683308657, 13.282728457078806, 15.280015710032137, 23.408722560364115]","[0.9043478260869565, 0.9016393442622951, 0.9019607843137255, 0.9]",76.31043341793317,4,12.04144669683383,17.156175092482805,43.872567206627465
hard_threshold_0.045,hard,0.045,0.025,1.0,196,60,11,0,32,0,lognormal,483.94204734565056,494.70379332085133,2.200618223241104,0.1090511978047637,0.0365191263093486,1.037194141524045,0.5186477192432639,0.8,True,"[31.0253201733632, 33.6163850333305, 36.09730783]","[13.274766549564722, 14.63352714451606, 15.862904026748918, 18.345079073793155]","[0.8130081300813008, 0.8095238095238095, 0.8, 0.8]",39.572446007852946,0,13.690534188494244,15.99944387606856,24.189450792895084
hard_threshold_0.045,hard,0.045,0.025,1.0,196,60,11,0,32,0,lognormal,483.94204734565056,494.70379332085133,2.200618223241104,0.1090511978047637,0.0365191263093486,1.037194141524045,0.5186477192432639,0.9,True,"[30.7981037518733, 33.6163850333305, 36.09730783]","[16.701153969722025, 18.53305043579346, 20.153783279209694, 24.64036158251099]","[0.907563025210084, 0.9090909090909091, 0.9, 0.9]",31.71486024825425,2,17.199383190948605,20.100060543864355,30.389145349437733
credible_threshold_0.045,credible,0.045,0.025,1.0,212,28,18,9,5,236,weibull,315.2090010948805,325.8678798496453,2.098599772924232,0.1504038183598938,0.0519630615893875,1.0533368332062871,0.9467399264552354,0.8,True,"[31.0253201733632, 33.6163850333305, 36.09730783]","[11.919848612159972, 13.692756587114413, 15.358199577700638, 18.887643808345302]","[0.8130081300813008, 0.8095238095238095, 0.8, 0.8]",54.15713661157192,2,12.454558939957773,15.546643102565886,27.99478899426347
credible_threshold_0.045,credible,0.045,0.025,1.0,212,28,18,9,5,236,weibull,315.2090010948805,325.8678798496453,2.098599772924232,0.1504038183598938,0.0519630615893875,1.0533368332062871,0.9467399264552354,0.9,True,"[29.26591345677795, 30.63776876310955, 32.04871425]","[15.632226182074005, 16.76564881811102, 18.140378949944207, 23.880463199844115]","[0.9361702127659575, 0.9242424242424242, 0.9090909090909091, 0.9]",91.08709442653512,11,17.481780533038293,21.82196929291274,39.294748182233846
credible_eta_0.010,credible,0.04,0.01,1.0,232,11,8,16,1,258,loglogistic,148.0740467286509,158.65040554604624,1.595347030898119,0.3067406870208264,0.1058108697868655,1.1116116172818724,0.3708637388176782,0.8,True,"[33.6163850333305, 34.50887419732065, 36.09730783]","[10.0, 10.644738510623876, 12.361825264470323, 18.233607342370068]","[1.0, 0.8, 0.8, 0.8]",155.0436024631336,2,7.809336995086336,12.266594997291762,40.63217788606942
credible_eta_0.010,credible,0.04,0.01,1.0,232,11,8,16,1,258,loglogistic,148.0740467286509,158.65040554604624,1.595347030898119,0.3067406870208264,0.1058108697868655,1.1116116172818724,0.3708637388176782,0.9,True,"[31.0253201733632, 32.741668448490245, 34.50887419732065]","[10.0, 12.071191974724584, 14.379597266868357, 24.631129270467035]","[0.967479674796748, 0.9107142857142857, 0.9166666666666666, 0.9]",101.85494516134467,4,10.549354575363443,16.570505299007078,54.88855865217384
credible_eta_0.025,credible,0.04,0.025,1.0,235,16,9,7,3,208,loglogistic,195.06251829895663,205.74456319200328,1.7125349135824444,0.2477549699106448,0.0829512495839178,1.086488840474099,0.3737705259364266,0.8,True,"[32.9759465231214, 34.3202115368548, 36.09730783]","[10.0, 11.113965017522302, 12.747295267682109, 17.287901100453066]","[0.9567567567567568, 0.8205128205128205, 0.8260869565217391, 0.8]",101.94980059312894,2,8.892896187069956,12.670245353887676,32.400939476099225
credible_eta_0.025,credible,0.04,0.025,1.0,235,16,9,7,3,208,loglogistic,195.06251829895663,205.74456319200328,1.7125349135824444,0.2477549699106448,0.0829512495839178,1.086488840474099,0.3737705259364266,0.9,True,"[30.68221255328655, 32.642336522060546, 34.50887419732065]","[11.251677683308657, 13.282728457078806, 15.280015710032137, 23.408722560364115]","[0.9043478260869565, 0.9016393442622951, 0.9019607843137255, 0.9]",76.31043341793317,4,12.04144669683383,17.156175092482805,43.872567206627465
credible_eta_0.050,credible,0.04,0.05,1.0,231,20,11,5,5,177,loglogistic,240.607221510969,251.3122550222523,1.697469650770108,0.2240701264327646,0.0746202809317655,1.0774749354175677,0.4258369573242908,0.8,True,"[32.44832318267055, 34.258432214678805, 36.09730783]","[10.0, 11.440840584371285, 13.052085449780941, 17.167795515615005]","[0.9349112426035503, 0.8148148148148148, 0.8333333333333334, 0.8]",82.7788552062015,2,9.440829144867305,12.981094580262834,30.20858945004056
credible_eta_0.050,credible,0.04,0.05,1.0,231,20,11,5,5,177,loglogistic,240.607221510969,251.3122550222523,1.697469650770108,0.2240701264327646,0.0746202809317655,1.0774749354175677,0.4258369573242908,0.9,True,"[30.68221255328655, 32.642336522060546, 34.50887419732065]","[12.545268310940603, 14.565044729155108, 16.52107834496971, 24.248610842727196]","[0.9043478260869565, 0.9016393442622951, 0.9019607843137255, 0.9]",71.90559588878375,4,13.334676065913255,18.33511533284083,42.66804838253613
credible_eta_0.100,credible,0.04,0.1,1.0,227,26,11,3,7,134,weibull,286.7097681581161,297.4376154675551,1.8684345780293956,0.1450648565557426,0.0483877461068723,1.049577546041565,1.0492642765346198,0.8,True,"[31.0253201733632, 33.6163850333305, 36.09730783]","[10.0, 11.337510193794145, 12.616451517787493, 15.296548139301642]","[0.8861788617886179, 0.8095238095238095, 0.8, 0.8]",41.701026004245094,0,10.379760691234878,12.760542202495234,22.066534206318263
credible_eta_0.100,credible,0.04,0.1,1.0,227,26,11,3,7,134,weibull,286.7097681581161,297.4376154675551,1.8684345780293956,0.1450648565557426,0.0483877461068723,1.049577546041565,1.0492642765346198,0.9,True,"[30.7981037518733, 33.6163850333305, 36.09730783]","[14.53704059172159, 16.6865460296539, 18.647008817464567, 24.337101231128234]","[0.907563025210084, 0.9090909090909091, 0.9, 0.9]",39.15217633148623,2,15.11441837662154,18.58117728320219,32.13203464295336
credible_error_x0.75,credible,0.04,0.025,0.75,230,22,11,4,6,158,weibull,259.4416630714932,270.1581251680265,1.7623636544364023,0.1680124899711084,0.0560226999954022,1.0576216914716563,1.1198054284294217,0.8,True,"[32.2768860333865, 33.8470987770759, 36.09730783]","[10.0, 10.816498606936198, 12.208811604386787, 15.066651189742672]","[0.9316770186335404, 0.803921568627451, 0.8, 0.8]",58.80780119229805,0,9.61697209834784,12.21436141745222,23.028611055364443
credible_error_x0.75,credible,0.04,0.025,0.75,230,22,11,4,6,158,weibull,259.4416630714932,270.1581251680265,1.7623636544364023,0.1680124899711084,0.0560226999954022,1.0576216914716563,1.1198054284294217,0.9,True,"[30.7981037518733, 33.6163850333305, 36.09730783]","[13.728720309506345, 16.105359923512303, 18.315772132696456, 24.930700922197644]","[0.907563025210084, 0.9090909090909091, 0.9, 0.9]",44.83529310604924,2,14.361986978743388,18.24092841667403,34.39092977846005
credible_error_x1.00,credible,0.04,0.025,1.0,235,16,9,7,3,208,loglogistic,195.06251829895663,205.74456319200328,1.7125349135824444,0.2477549699106448,0.0829512495839178,1.086488840474099,0.3737705259364266,0.8,True,"[32.9759465231214, 34.3202115368548, 36.09730783]","[10.0, 11.113965017522302, 12.747295267682109, 17.287901100453066]","[0.9567567567567568, 0.8205128205128205, 0.8260869565217391, 0.8]",101.94980059312894,2,8.892896187069956,12.670245353887676,32.400939476099225
credible_error_x1.00,credible,0.04,0.025,1.0,235,16,9,7,3,208,loglogistic,195.06251829895663,205.74456319200328,1.7125349135824444,0.2477549699106448,0.0829512495839178,1.086488840474099,0.3737705259364266,0.9,True,"[30.68221255328655, 32.642336522060546, 34.50887419732065]","[11.251677683308657, 13.282728457078806, 15.280015710032137, 23.408722560364115]","[0.9043478260869565, 0.9016393442622951, 0.9019607843137255, 0.9]",76.31043341793317,4,12.04144669683383,17.156175092482805,43.872567206627465
credible_error_x1.25,credible,0.04,0.025,1.25,232,11,7,17,1,268,loglogistic,142.35572259513853,152.92010534872526,1.604972224159235,0.302366742454239,0.1041428856878519,1.1097590122673424,0.3597815608263473,0.8,True,"[33.6163850333305, 34.50887419732065, 36.09730783]","[10.0, 10.547439269021538, 12.219988968605511, 17.914307942925106]","[1.0, 0.8, 0.8, 0.8]",154.46349926380196,2,7.775830108462561,12.12732957272557,39.4195594618045
credible_error_x1.25,credible,0.04,0.025,1.25,232,11,7,17,1,268,loglogistic,142.35572259513853,152.92010534872526,1.604972224159235,0.302366742454239,0.1041428856878519,1.1097590122673424,0.3597815608263473,0.9,True,"[31.0253201733632, 32.741668448490245, 34.50887419732065]","[10.0, 11.88658882587184, 14.120686446237839, 23.983292902795746]","[0.991869918699187, 0.9107142857142857, 0.9166666666666666, 0.9]",98.92795498284582,4,10.410115291519592,16.235809845296355,52.774064378244745
credible_error_x1.50,credible,0.04,0.025,1.5,232,6,6,23,0,308,loglogistic,99.38629484046189,109.87779951634148,1.4640504501766585,0.3017299938244119,0.1046931608324816,1.110369853118177,0.3542288133949066,0.8,True,"[31.198310055, 34.50887419732065, 36.09730783]","[10.0, 10.0, 10.622535842662916, 15.60397436568585]","[1.0, 1.0, 0.8, 0.8]",192.023058514704,2,6.743211914778951,10.541565369441246,34.479164947719205
credible_error_x1.50,credible,0.04,0.025,1.5,232,6,6,23,0,308,loglogistic,99.38629484046189,109.87779951634148,1.4640504501766585,0.3017299938244119,0.1046931608324816,1.110369853118177,0.3542288133949066,0.9,True,"[32.423729663906755, 33.6163850333305, 35.2208681140727]","[10.0, 11.226803529789882, 13.251541999530208, 22.69932065561525]","[0.9583333333333334, 0.9230769230769231, 0.9, 0.9]",92.31714569397089,3,8.98710888887879,14.049416959115078,45.95258367954213
