iteration,success,beta_const,beta_ga_c,beta_first_bmi_c,beta_delta_bmi,beta_ga_hinge_18,random_intercept_var,residual_var,icc,warnings
0,True,-2.669271020312227,0.015083044972397743,-0.04455668023304564,0.03127958664800939,0.050950547798644004,0.17029064785646217,0.06605102696878379,0.7205273804646483,
1,True,-2.648348232576852,0.017471554291496695,-0.049227987322117084,0.030182446413315436,0.042877373373655894,0.15514414629272252,0.07177051470904348,0.6837114252900349,
2,True,-2.664514315399053,0.017351782199815896,-0.046559898884607626,0.024016349942005733,0.03732923119124352,0.16720141358301505,0.07055807900927186,0.7032375942597346,
3,True,-2.648823845767486,0.026246519648146137,-0.055063812090764615,0.033660411263140705,0.032811351137268706,0.1845815384867901,0.07142578398755742,0.72100101162257,
4,True,-2.6319747990851203,0.02837163272368764,-0.016982023561034693,0.013152702306442712,0.02814364936806063,0.1790329965523057,0.06989895549035377,0.71920456608007,
5,True,-2.619364160560805,0.020639646754629263,-0.024577278965876442,0.010222216108927738,0.04949787250805214,0.1767172643462093,0.06266871223401155,0.7382105955859508,
6,True,-2.6717703451058448,0.01864216551027409,-0.02645807174627916,0.01374480830131692,0.050361827489248,0.2002042024306682,0.0659036244645163,0.7523424048309761,
7,True,-2.6003356892995244,0.028703719608721805,-0.03639395545780431,-0.005640864255853942,0.02930240334932442,0.18821083422794435,0.065413660669428,0.7420846093911502,
8,True,-2.615787665030978,0.021684323697661628,-0.03824646858614708,0.02736752777226939,0.03534882131269476,0.18263078620459652,0.06147038055372989,0.7481766213162392,
9,True,-2.660770134431543,0.02004239666968848,-0.03601633281114403,0.029576232873817103,0.04707980134182242,0.16539268910368085,0.07007867409511051,0.7023898229359288,
10,True,-2.6726895136307824,0.022853100453182746,-0.02195037959380672,-0.001582396029897306,0.050007310046428985,0.18272184034430214,0.05969515710194042,0.7537501176452027,
11,True,-2.646372556992401,0.021403847171300464,-0.043429843879583555,0.009199791720477432,0.04293379805352347,0.19160316792671525,0.075309898609528,0.7178485879809787,
12,True,-2.576893533953414,0.02213892893855611,-0.03950877286652564,-0.012378763940431631,0.048073177619951786,0.18650730492975312,0.07074392384572548,0.7250006377716132,
13,True,-2.597102423357482,0.028062088863692585,-0.05039249569265311,-0.009314378388553392,0.029207828089320848,0.15864431413240432,0.07162621897892724,0.688947526150481,
14,True,-2.637147502965624,0.025177507485865364,-0.0357929423659651,-0.009309602331074064,0.03560077589062,0.16130694741966917,0.0796957996495329,0.6693158039951767,
15,True,-2.6540401493332846,0.025274816740439805,-0.025653776263203268,0.005739808950879943,0.03398625606091966,0.17057942644377658,0.07407889358891721,0.6972149012589557,
16,True,-2.6221200252281465,0.022316865076273503,-0.034670932783315414,0.02856751958316015,0.031002851479506488,0.16144292836710705,0.07124039349115534,0.6938311137978724,
17,True,-2.536849633888499,0.0278596964403277,-0.04187469159764677,0.01114767585633816,0.024003370011197612,0.17075425806152397,0.06384163030654319,0.7278655190819908,
18,True,-2.609400469578188,0.027220356708586975,-0.04865607175722975,0.01720726987488869,0.041367718555911835,0.19582522011412382,0.0692855786026769,0.73865425724627,
19,True,-2.6003122840945494,0.03143151201905765,-0.04143236029423053,0.0069461224936295425,0.030131750768840195,0.17908689457582827,0.07086432064551401,0.7164873930188309,
20,True,-2.656619648673706,0.0245024824534168,-0.02959223169762572,0.008965485670208495,0.04101700520558099,0.1727793704982672,0.0739895733980254,0.7001665921578838,
21,True,-2.6398704243086066,0.031894334965958136,-0.03630976514212639,0.017199367821355678,0.015454074488434508,0.18551325178010003,0.07398479361377,0.7148926748119634,
22,True,-2.66089182793358,0.013316817546559612,-0.0436266607845201,0.016958108321324297,0.049048687771649536,0.1487755187435488,0.07626483216908578,0.661105966730858,
23,True,-2.61796238028546,0.02960459746815956,-0.026817861905494338,0.000868313618948952,0.03882554022059963,0.17704773679961833,0.07604281684997545,0.6995430459437162,
24,True,-2.644517864447275,0.029554892834957616,-0.03526172761339879,0.010699200342713638,0.03635457106197224,0.17900535152536434,0.06794807874832882,0.7248546874889593,
25,True,-2.6629528134261915,0.02203262251115326,-0.0478743080993056,0.02319117533597314,0.040113638806221825,0.18188904369145856,0.06329694418865961,0.741841103009491,
26,True,-2.5757511337077243,0.02762317739559696,-0.05097346756528961,-0.019164716581139725,0.02288228141281831,0.1733756536000437,0.0684385371938272,0.716978821759199,
27,True,-2.6291034754342557,0.016693688676896808,-0.04495784286395179,0.009964561375790291,0.044730414926019695,0.16946540540048805,0.07078662116699332,0.7053651443514007,
28,True,-2.6430767804451105,0.022250374358592777,-0.037945459238355315,0.024890309334341044,0.04452924609014091,0.19016486880150357,0.06191029837405668,0.75439747172343,
29,True,-2.6588456833452883,0.018817767258203652,-0.02417624085444654,0.019257442987872724,0.054586287603802255,0.18394101738071295,0.07064316823998797,0.7225154890601195,
30,True,-2.631531792373219,0.02559540968481695,-0.053772938189941395,0.010527123147562687,0.033288892982924354,0.19613332380118692,0.07664066643779827,0.7190323521291339,
31,True,-2.5886044805403885,0.0213714149484604,-0.03472698028928266,-0.016776483357502897,0.041529032606110516,0.17225021735606655,0.06813061107020792,0.7165721928980547,
32,True,-2.646289166929997,0.019587514594841374,-0.04450656123166388,0.012355657297095566,0.04397902292881173,0.1763941910126625,0.06925424812872738,0.7180757656316059,
33,True,-2.650054798854099,0.014251774087549842,-0.050544995751268855,0.007117953246902368,0.048744716443819724,0.16115909611760348,0.07019631830054586,0.6965866630911272,
34,True,-2.6063194878718576,0.02754073226225632,-0.0334987583205349,0.025504708698899186,0.029175124398184076,0.15539588793533413,0.06305886538678533,0.7113412986999521,
35,True,-2.5944011998433703,0.02586066143501839,-0.03332106040540063,-0.02185526645000792,0.03927098536974849,0.17941251560359378,0.06594495985635469,0.7312290577952275,
36,True,-2.6744447639858207,0.027112469862695825,-0.053697450043534094,0.022112548288311988,0.03377932747723136,0.18841854896594945,0.06173088579602561,0.7532239644884089,
37,True,-2.654387569779597,0.024657853538117905,-0.04188726661349066,-0.008820333989261544,0.045640167562251054,0.1732637686013248,0.06547184249030574,0.7257558594173175,
38,True,-2.642252548961419,0.018695434142231022,-0.03711933733939242,0.007586993352653044,0.041176421518641405,0.19192244480978704,0.07683194472717006,0.7141183633891692,
39,True,-2.6226877799751067,0.021748660345552874,-0.03126865329383432,-0.00813883807118303,0.038875275691288076,0.19903355223594266,0.06854392539742886,0.7438352210967988,
40,True,-2.584304242397232,0.03263356605438117,-0.03416178789603175,-0.024388021742299353,0.032138624404737456,0.1913816897340342,0.059870650794054354,0.7617110723497473,
41,True,-2.653765869453147,0.025113932334901296,-0.023761628671800903,0.017084081581019796,0.041892528300111795,0.16554223379579175,0.07041868070390456,0.7015663341820317,
42,True,-2.6011104432916627,0.024823738704329332,-0.04178842649887182,-0.030594477941146097,0.03892064704468452,0.16838893895499746,0.06753255753468457,0.7137498763804336,
43,True,-2.663486545763614,0.024882631065655955,-0.026645837535425366,-0.011578780683840662,0.044511019920372014,0.2130597636368878,0.07098685898446623,0.7500872978901965,
44,True,-2.6620619606482254,0.025453249648778247,-0.03590562549672126,-0.004021264132943077,0.04141921242404563,0.16284485344805916,0.08701865984448906,0.6517352265730578,
45,True,-2.605053882643536,0.016333050356785176,-0.04420644516138414,0.012548167332653608,0.06142253925989088,0.2054949290388622,0.07078164976777912,0.743801483015622,
46,True,-2.595660021176664,0.024701888793959327,-0.024919081104046892,-0.006958830953510743,0.03638482054837551,0.161160459777843,0.08333816450106006,0.6591466935781404,
47,True,-2.601929907189335,0.027410797402790205,-0.043902948631096714,0.026486583950846087,0.026832546761524464,0.17119715186187628,0.06318584974426573,0.7304162447307359,
48,True,-2.601481880228867,0.028969577962923515,-0.047088666692423474,0.016360880249358705,0.03254594133994718,0.18335657538526573,0.061660453363292504,0.7483421716513843,
49,True,-2.65842009705286,0.024003693036574538,-0.022896965845787372,-0.0008084705705411753,0.0434624166824508,0.22334142492395007,0.07212691786963578,0.7558895237720149,
50,True,-2.6025982631446247,0.019166092069686422,-0.04925975477070451,0.06711970645598013,0.043500259028567904,0.14356002014800717,0.0626334405720916,0.6962394425441332,
51,True,-2.601044139155048,0.031951859595541636,-0.04827093844904935,0.011446911216212748,0.03691307998188456,0.19659707328557022,0.07141704037559325,0.7335325390144112,
52,True,-2.637950027851944,0.020038590298881588,-0.05702736317508666,0.01091701888024453,0.04797176732861608,0.17603099989738566,0.07762632043995539,0.6939716924521654,
53,True,-2.627619128268221,0.022591064861901638,-0.03041286297356341,0.003402992997489273,0.04499046109190667,0.1868914869695116,0.06314029128291901,0.7474709345978696,
54,True,-2.627907863561969,0.028332876359478884,-0.045915083785248785,0.0023860870858690908,0.036795037430179214,0.15210760958656297,0.07366535469352835,0.6737193271638142,
55,True,-2.6810457661523106,0.021414494177381158,-0.022558579147589578,0.023274402204360122,0.03814077418171323,0.18013157297411322,0.06544091714339466,0.7335169052849495,
56,True,-2.635255226411372,0.026153972249894943,-0.044883597816267794,0.00871144557484451,0.03918756600025636,0.17580944234322296,0.07060459453498698,0.7134717022233467,
57,True,-2.6703458224418952,0.024726255615017727,-0.043026482509775886,-0.0010969227775086405,0.04052302729119071,0.19590214470705192,0.06866169533344173,0.7404721094049266,
58,True,-2.6436049568560174,0.03024231135514403,-0.04197001018452257,0.02982028682027269,0.03294909612426776,0.18682009291289656,0.07502515024513248,0.7134752216985922,
59,True,-2.6708926977792413,0.012879031634719297,-0.033740406340636915,0.009480809724125084,0.048754109221721034,0.17141215258568387,0.08353618974125904,0.6723407221289827,
60,True,-2.6023167821372124,0.016713166975891657,-0.03215508677086026,0.01601558932176297,0.04885869700665511,0.19551706784451112,0.06707078299889596,0.744577737380191,
61,True,-2.598002636548548,0.026096178109668144,-0.04998813640709671,-0.005563397868919085,0.032231427198995764,0.1785514949862058,0.06763285798020531,0.7252755621335812,
62,True,-2.6727836167964325,0.027561102323936316,-0.046622507424741354,0.005580911463031878,0.03882298495224964,0.17917886531604307,0.06719318321507209,0.7272694544057174,
63,True,-2.482278580029034,0.029635820489771862,-0.045896915284627186,-0.01740390552996875,0.029719206900692168,0.15898513741405454,0.05400399074572142,0.7464471956277047,
64,True,-2.662651983315173,0.024510953621926297,-0.06330026835376919,0.025306472424805014,0.03872145358487558,0.158353547818852,0.06633332279569062,0.7047743705973478,
65,True,-2.5953054685177417,0.02959280949315087,-0.0418035307848864,0.022660162164449393,0.03669014784516833,0.17729544155452456,0.055187262235831085,0.7626177718339127,
66,True,-2.6863707551627365,0.018549653116342768,-0.046414537216914034,0.0075828713030835935,0.05437632947480156,0.17152613758268512,0.07499025491973697,0.6958001285086948,
67,True,-2.610691479921178,0.03090937815452106,-0.032192178757837565,0.01393935026043434,0.038292173299774745,0.20778005117009435,0.06281698095140872,0.767857834733373,
68,True,-2.6210289803909244,0.016389217443815735,-0.03046168243748861,0.014812503966502763,0.04592210802833835,0.1662587413963653,0.06930677695061552,0.7057855604803384,
69,True,-2.5660716010738676,0.026204171340122154,-0.030031896233596898,0.014531182657582974,0.020601376900513543,0.19170736087933732,0.06798409308278232,0.7382120510877538,
70,True,-2.608319655711361,0.02817423396711424,-0.04129814996026036,-0.0003360177225906157,0.041343700385974874,0.18297935096289375,0.061827671413008704,0.7474432276780362,
71,True,-2.600451656079258,0.035871447828377395,-0.02601569081483843,-0.005544098095869498,0.031501001602544494,0.18758882380544145,0.07428824022862612,0.7163239915544418,
72,True,-2.6328766412400033,0.025258577994209722,-0.04629155611798593,0.019660663133345652,0.048727746237787306,0.1723435916503286,0.059127115514202584,0.7445589714633974,
73,True,-2.62024953912291,0.020208067808123214,-0.0346822487690656,-0.00013538080607767533,0.04845539788979449,0.17383410065615568,0.07277841546895025,0.7048875839212072,
74,True,-2.653920285299694,0.027827362364816872,-0.03226502335016216,0.005680342508540958,0.03434503727879808,0.18598037295161426,0.06505855900793583,0.7408427509625531,
75,True,-2.6537495472277386,0.01869851698391768,-0.052493558511766805,0.011400421585741493,0.04730381423493865,0.1732515779704997,0.06651996651938112,0.7225693872018726,
76,True,-2.6582277402167214,0.02245672821996147,-0.03336340219797065,0.022967447245682726,0.05080816223821183,0.20706006835934976,0.05998117778933051,0.7753860923943755,
77,True,-2.6017033092258055,0.031092590152670997,-0.046751401547456106,0.0047647761451651656,0.028679375562521967,0.15797382240994676,0.06548468802014223,0.7069492323469608,
78,True,-2.6000239970453287,0.02626770411425927,-0.04124781084533152,-0.018825204571411222,0.025097696399200817,0.14522371513174334,0.07768783820351925,0.6514858156020497,
79,True,-2.6286109855608073,0.024538767395354804,-0.029576280620569977,0.002705207556901824,0.03217717811265264,0.17104779191461428,0.06527681662839128,0.7237832444499218,
80,True,-2.5988586490203094,0.02508253760433826,-0.02118681667632221,0.022225319234715126,0.034664434831472045,0.18583331066743292,0.06668496013657023,0.7359202566838063,
81,True,-2.613789225391067,0.02342253540465279,-0.051238228437023914,0.02214955750341653,0.034139829280817116,0.18943858200358538,0.06632880094315907,0.7406674761301758,
82,True,-2.6087655398866048,0.02366746375806377,-0.025439617301778735,0.005948829243840396,0.051338338792012925,0.1985971859189156,0.06915982860421593,0.7417067533136795,
83,True,-2.62996242225428,0.02493788923362669,-0.05319356946114402,-0.007487453169782748,0.03436551551373271,0.17459051475679765,0.06803483764124964,0.7195889177746242,
84,True,-2.71174383707139,0.005749244872644425,-0.04895136426823446,0.01627552486223734,0.058385696519677566,0.1572477330338398,0.09157193834962558,0.6319746833500932,
85,True,-2.6334806347362836,0.02144292565447283,-0.0528684677816459,-0.010511042048417933,0.05134072237610535,0.1852490562190345,0.06616162540640938,0.7368384470434787,
86,True,-2.6320272919103425,0.018952392690729646,-0.04748534689411769,0.019448857653936596,0.0396396176839342,0.19882995051109703,0.07516061616456603,0.7256817375996102,
87,True,-2.601416641195318,0.027579315543320455,-0.03054095232834096,0.008228460087916955,0.03295489017935681,0.17773193663933626,0.06296627507378635,0.7384015667352235,
88,True,-2.6173308540524345,0.028896551027193552,-0.029348544640435705,-0.0012334139004813427,0.04801162138338703,0.20407725293429343,0.06202442601130516,0.7669145634215058,
89,True,-2.65085788811862,0.012031707354914371,-0.026976002328971224,0.009694785416196196,0.058058820531763394,0.18682670509019167,0.06663473942496587,0.7371010823660759,
90,True,-2.6496288979061373,0.018825878958179568,-0.060216079712478505,0.00725746427999206,0.04443384268934522,0.176913019491862,0.07489040194472894,0.7025838587996001,
91,True,-2.632249855196967,0.02218676734276437,-0.04253236891403942,0.029860040519459313,0.033444673686689276,0.18129893828263394,0.0677696379124664,0.7279077154262081,
92,True,-2.6253813150290823,0.024105672790109205,-0.04817146119947384,0.025900038133193744,0.0407104286741064,0.19101108627643598,0.07082099142610053,0.729517513486032,
93,True,-2.608612518995731,0.023523407820584145,-0.03855795824321171,0.024347184947537213,0.045166797579676066,0.18243698391011806,0.060463517439918964,0.7510770167049318,
94,True,-2.650199975596595,0.01722427529253903,-0.054921691991977925,0.00345628238633577,0.04632532373499387,0.18658098008575486,0.0735657630472883,0.7172143607822697,
95,True,-2.6231762527970712,0.02977150476924826,-0.03344927250847583,0.02716969519366611,0.022824718737985458,0.16261362263075002,0.06621053247531862,0.7106488497919832,
96,True,-2.574625953238822,0.034966062550425454,-0.05420847463373723,-0.03401487814351589,0.03285620121566733,0.17366879195671417,0.05894540187291569,0.7465958508271934,
97,True,-2.694121511205311,0.017388558036549408,-0.03543878155085099,0.031125436325935972,0.0441530330259351,0.17375346609927883,0.06518170269920673,0.727199210451183,
98,True,-2.5991770325034906,0.021930585506110694,-0.0350081030972217,0.006452954712049327,0.03947096887013919,0.1815718008125019,0.0698347026616525,0.7222239612077824,
99,True,-2.6050188034170483,0.02253518999590023,-0.03465121914041233,0.03584977034900231,0.04686992527765871,0.1631312868546746,0.05101931968062712,0.7617596302618138,
100,True,-2.6094784866027174,0.02509559228286323,-0.04343099070405356,0.002663438677477278,0.04077695645622691,0.18042332553285315,0.0747177470794615,0.707151238667893,
101,True,-2.631299917305756,0.028724526684953774,-0.033977519382941475,0.015085274614939727,0.03776520306557998,0.1800283097379671,0.0643814447199367,0.7365839801986074,
102,True,-2.6128243543123277,0.0350380086841121,-0.03594636025925895,0.007233633810787652,0.03033102958587122,0.15934977769881817,0.059057742177690095,0.7295984029712784,
103,True,-2.614069553488005,0.01796357111397079,-0.05354226835535779,0.02407526816134068,0.04354464789251226,0.19462176287866204,0.0661900311411424,0.7462153450924219,
104,True,-2.6152594466857915,0.022675594081932784,-0.03267724652435769,0.0068469573229191835,0.04389739592912526,0.1938410462770833,0.06722370730082133,0.7425017878533303,
105,True,-2.637222572633834,0.020492387792719263,-0.03125931664601231,0.014228146489770737,0.04964799696567314,0.19688428305360622,0.06946739031574638,0.7391892101259103,
106,True,-2.624718327338508,0.02723959880856556,-0.04039509240579551,0.014762937295993634,0.03424025896266346,0.1803181701214955,0.07241316967512881,0.7134776805543765,
107,True,-2.606751369844974,0.026417407714979177,-0.02336177439845292,0.022330874486237152,0.03185334748925562,0.17978268055974184,0.06680750522348632,0.7290747601682117,
108,True,-2.604145508829519,0.02419035129367169,-0.04049979772405525,0.008469774468369266,0.040280068890155944,0.18533985494047742,0.06625344937566661,0.7366644968722432,
109,True,-2.65890964477123,0.018198939611082467,-0.042852569190424704,0.006388664073135547,0.044082973685946346,0.20117578923755075,0.0715274851736123,0.7377094744166214,
110,True,-2.656530274010762,0.027560418167825305,-0.0413133161704753,0.016105088357888705,0.03351310364041155,0.19647071291205978,0.06652809743624559,0.7470403103795855,
111,True,-2.656074078663447,0.028437651737761672,-0.031587030238309256,0.018468864123117174,0.03948724266710803,0.18596727192518325,0.05800803580189479,0.7622380873609339,
112,True,-2.6212939454777056,0.024048236866649343,-0.02837659302417062,0.0026700592026945662,0.042073634808625325,0.168841291278473,0.0665996925489004,0.7171278701513937,
113,True,-2.7075424087632336,0.01624995924424995,-0.0635907776429492,0.06832739992097998,0.04885343169788621,0.1771671349386176,0.07190475019497464,0.7113092464996288,
114,True,-2.6433620658152375,0.01809249996604056,-0.01691280891661388,0.029788522317804433,0.040491462104927475,0.19343212259067843,0.06425181396750565,0.7506565025911196,
115,True,-2.5989039351127117,0.029168612875631137,-0.044679940282810394,0.01965688149363553,0.0171086766243373,0.2114603840896549,0.06369696406049526,0.7685071305973753,
116,True,-2.6332992212219546,0.01667122322569446,-0.017645912338444394,0.03156072895961331,0.043297558583192314,0.1838085994277828,0.06591249834803342,0.7360555478287802,
117,True,-2.6553805564478177,0.026554229165345514,-0.03598448607162813,0.013141667068902286,0.040136628050573796,0.1668470238181155,0.07433664482783814,0.6917840861896796,
118,True,-2.598502895640621,0.025194589864902042,-0.020132729806017997,0.04305132987351502,0.03217605688172095,0.17550760047354758,0.05476715483566431,0.7621660491523562,
119,True,-2.6307947408557992,0.02483319190040364,-0.026109427816802804,0.014158012098529292,0.04162558734566433,0.18165776008543566,0.0640407542481042,0.7393522935137988,
120,True,-2.5887581046297816,0.029103024400208462,-0.03738846435190318,0.025030633210757932,0.028322635701590236,0.1996520389934105,0.060539578931324674,0.7673269438339987,
121,True,-2.7079157330049872,0.02554209253629417,-0.030219230146365558,0.021004883634409742,0.038889621252098175,0.18525194725624447,0.0698683480616422,0.7261356726849804,
122,True,-2.6431747349299846,0.016809538227555734,-0.030298736694127335,0.008847387295402366,0.04159736164820278,0.176161850026624,0.07040559897446917,0.7144570410258937,
123,True,-2.660115020296733,0.01602681856845111,-0.031246488995183504,-0.0005856003354823247,0.053834299194260644,0.18717138041495684,0.07605739655832347,0.7110597198647326,
124,True,-2.6158242186051943,0.025114500119299228,-0.0405873121284159,0.00631856204917809,0.036459089000197245,0.1872737250967009,0.06398004282016596,0.7453568822047069,
125,True,-2.60975642969602,0.026070953658376615,-0.015737347295599346,-0.01059973066438066,0.03954397385729474,0.16353526027799634,0.06551228398127032,0.7139795399547495,
126,True,-2.5754931901662057,0.03153689201908374,-0.04018969417657145,0.021889531154495073,0.02928386129988223,0.1837523386773756,0.0622267874307437,0.7470241137315362,
127,True,-2.6884601808653223,0.020859178380105405,-0.04119061882304364,-0.005942427441549678,0.050652695416339016,0.17741251175747055,0.0643639167393287,0.7337874616665504,
128,True,-2.6955384997883347,0.014008330790150967,-0.04903979661474892,0.05541415511692505,0.051444030113495375,0.20190372211276425,0.05883253106217072,0.7743599888938405,
129,True,-2.61922051167525,0.033788850784399284,-0.031415575892417065,-0.004251078577554342,0.029563554167730422,0.19000055370800686,0.06764017023260485,0.7374632038054805,
130,True,-2.6076132759632693,0.019202883194970075,-0.03922185860742238,0.004556661764641229,0.047834771079036956,0.1516524995327404,0.06798354741321003,0.6904718129900603,
131,True,-2.61991551305568,0.020728219251212918,-0.042658445251399876,0.047939376037921484,0.02553401241837756,0.16714551395920982,0.05673509850094574,0.746583244178667,
132,True,-2.6069036762336286,0.029131106810379444,-0.04333566746902635,-0.024129858688110458,0.030778712157357703,0.14946633360612666,0.0662733609766571,0.6928086826820521,
133,True,-2.6499532162959003,0.0141594211068118,-0.032662291885862116,-0.011377286963003592,0.06040832253188889,0.1670738932066443,0.07813365278127783,0.6813570623755341,
134,True,-2.6482015323186623,0.007016542218273471,-0.024719018592766352,-0.010372254600600525,0.062136838347827836,0.1626700033865973,0.07579026053044417,0.6821681764270334,
135,True,-2.618912206754549,0.019529664632804374,-0.030121532651231124,-0.007707049808297724,0.04732507157486426,0.17490198281802602,0.07042135275401937,0.7129447445763334,
136,True,-2.6385165265703896,0.03134087705746431,-0.0522634388084149,0.016814776884264495,0.029646527865229283,0.19585055517923988,0.05893391165819856,0.7686911121791404,
137,True,-2.6262340522710192,0.03167092838813201,-0.02988712866177585,0.019694595850811975,0.02648762222146565,0.18425475203957772,0.06712950716677125,0.7329605784439035,
138,True,-2.579120732261274,0.023768208674102655,-0.05310906286164738,0.002714578358422792,0.030177195891075217,0.17556959618626328,0.06416576339717033,0.7323475205799205,
139,True,-2.6268073226077306,0.027990771580796832,-0.05156705489756557,0.015788489603315435,0.0384863833516649,0.16935265486901618,0.06288593670341888,0.729218403032707,
140,True,-2.62175199089162,0.028394844465318855,-0.03658717398153007,0.014332839912177438,0.041969927892432896,0.18430315321795546,0.05718853348295911,0.7631863263525646,
141,True,-2.6584764585996896,0.02153731703317718,-0.05131975790864743,-0.0004488480998478174,0.035840312713611,0.18196224295151037,0.06882729800287503,0.7255575422286307,
142,True,-2.633539832558759,0.016849637335394282,-0.030032256493630838,-0.007821619221375737,0.04978415781433318,0.17635140196461108,0.06532253838214043,0.7297079764230423,
143,True,-2.605139032742739,0.0205352269439037,-0.052881778902834145,-0.009961831849706454,0.050225139184837994,0.18326936456521534,0.06544211131591826,0.7368753850859904,
144,True,-2.614485564421839,0.028921932731754883,-0.04130391694220797,0.00828135183133867,0.031327105015890006,0.18040979083733313,0.06469586533948397,0.7360490722710498,
145,True,-2.6860560268409666,0.017346969678780473,-0.031354970883957854,0.04470991858865189,0.04381864682405858,0.193565914447245,0.06878749245906378,0.737805987464729,
146,True,-2.638306532433946,0.019722489706376217,-0.048625021222574435,0.021952618882005108,0.048619460309876766,0.1808263547906903,0.06367100220059552,0.7395840880076883,
147,True,-2.64027043683295,0.027022240028812178,-0.029944139224005413,0.024622913664267908,0.02604411368999587,0.1947132416136509,0.07072810473568422,0.7335452607198494,
148,True,-2.6310913507953217,0.025461294723053154,-0.03963473335409467,0.015059061595202518,0.04245746947065659,0.18727951343359933,0.07060912510892631,0.7262030405527814,
149,True,-2.5999716170230593,0.020176362725985893,-0.0338811622069508,0.015444438611565012,0.03846425646559998,0.17314805301667055,0.06544222053315395,0.7257129573662703,
150,True,-2.5956086541598204,0.02841210467371499,-0.05038303502541759,0.023590645926878376,0.026848519921379765,0.19341206549160353,0.062053801168066566,0.7570955291231364,
151,True,-2.631199633637942,0.020557016246984475,-0.03280546465294759,0.031803497717304424,0.046606631570126796,0.16635738546733295,0.06580392324771836,0.7165594749102472,
152,True,-2.613022822953931,0.026030515351955597,-0.04474574704292532,0.009538937023907032,0.03437949264081239,0.17528332300735053,0.06390011479444169,0.7328405537535807,
153,True,-2.646818473736859,0.026417705809378224,-0.033067091305644246,-0.006025927290396982,0.04937169314638071,0.18791329448016697,0.06886800155565731,0.7318028897788205,
154,True,-2.6315619165832382,0.026097214227958094,-0.043217885936718874,0.014840371152902801,0.035969182690345484,0.16523749691706935,0.06772820824376469,0.709278203858346,
155,True,-2.65272001788372,0.025335793418549468,-0.038431165922435305,-0.003932905247478639,0.0438252894588578,0.21293156153369716,0.06324303348225847,0.7710034354224193,
156,True,-2.604857449664657,0.024955531917905477,-0.044822118640662614,0.017924118207618883,0.03850080268195215,0.18168500572777535,0.0682249419385325,0.7270018957803559,
157,True,-2.6239912461319386,0.02297361278121554,-0.013583021029860101,0.019425782878327753,0.04237320194703156,0.19835345885213157,0.07014059221733775,0.7387629560582338,
158,True,-2.656779631667014,0.021987380851495562,-0.04158090554842301,0.013441389462639836,0.04590662119630521,0.19084955805334525,0.06767422489919162,0.7382282429635647,
159,True,-2.6406742905425364,0.017701702743702218,-0.048104847299967016,0.034264860808835604,0.04572853493302772,0.1931550620166012,0.05916887618564958,0.7655043092335431,
160,True,-2.605289251427541,0.020461695510386787,-0.048428701056867904,0.030445673931660252,0.037084565686231585,0.17900266221283148,0.07012964091441387,0.7185044250219336,
161,True,-2.58539619555871,0.020457996992091835,-0.048877767409284595,0.015876911318614528,0.047038029267714686,0.17557760149725932,0.07655138975241096,0.6963800577911087,
162,True,-2.5891498838349056,0.026717731285900312,-0.04808504494081513,0.029146631476467882,0.02794745100819626,0.18211682302728774,0.05593911997938742,0.7650169146257404,
163,True,-2.652081114149478,0.026843834260453194,-0.04995482709945138,0.006437827770452947,0.03665433336406609,0.193879163074896,0.07392982875548304,0.7239456813970323,
164,True,-2.6520575175018863,0.025534813357084876,-0.030460194687070053,0.013074008383504539,0.03982631822846576,0.18928417957927635,0.06858233208454995,0.7340394003004201,
165,True,-2.6213048132890364,0.02229944303649954,-0.044430291948080985,-0.003644211260404856,0.041451881382064334,0.19698661465957948,0.06818406430270758,0.7428672560271838,
166,True,-2.637575607675778,0.025108276999810986,-0.04329758649393947,0.0218774322194929,0.03452705092020842,0.1763539218926305,0.07107988426104184,0.7127317185716464,
167,True,-2.6469630509063378,0.021177573400322627,-0.03389795538666025,0.008883972002592298,0.04637877677766261,0.19293852717591709,0.07743777929318592,0.7135925839639539,
168,True,-2.6363045690290985,0.02435679611961736,-0.04463535637977128,0.009060779877837353,0.03790985041458674,0.1754099346154915,0.06953363595333313,0.7161238574588531,
169,True,-2.5897158663429733,0.03174863941195668,-0.03805138718214853,0.009581972295925034,0.020818171167534517,0.17311916163701396,0.06626137623589373,0.7231964769371797,
170,True,-2.598314709696994,0.027495684612584823,-0.055981130931676455,0.01252876983663054,0.025617656969572793,0.1859247283857124,0.07230904901866064,0.7199860926580857,
171,True,-2.6384266540951873,0.019536221860686605,-0.02809213976167454,0.029448442062384162,0.04476455420744523,0.18278370630854782,0.06204667283333313,0.7465728189009722,
172,True,-2.6533857178786318,0.020707991050157873,-0.04307347314137066,-0.01541750781034101,0.0444018563921295,0.16082597487307507,0.07351196282459786,0.6862993523505441,
173,True,-2.6452235676646363,0.019664412705290516,-0.0313985035838442,0.02326976030660568,0.051239091446561316,0.1915644107212007,0.06570827768164207,0.744596761943286,
174,True,-2.6226308588422116,0.01571563254097785,-0.029173929872194092,0.007258960680544022,0.06071487620061941,0.1793473122708568,0.06563175208329496,0.7320924044823071,
175,True,-2.6007882552455057,0.028792985203556002,-0.04297972572696487,0.007785673291592704,0.02982082995454787,0.1700170383352211,0.05713845048193701,0.7484610617182627,
176,True,-2.5992963468513555,0.023763419976123884,-0.04306113428559227,-0.02267708306904371,0.042145094316303894,0.171837684231609,0.06682193753715625,0.7200115501653677,
177,True,-2.616205776400558,0.029150791229564016,-0.0246878644302588,0.010513364915395946,0.028200272179280006,0.16763549032767236,0.06511205060822263,0.7202460213053067,
178,True,-2.634897841408108,0.025267748713332535,-0.030618104577974075,-0.012244709680834878,0.042627314625493115,0.15344481607161098,0.06587818023255705,0.699629398910847,
179,True,-2.680135359105424,0.02155016536768088,-0.0398485399234693,0.01774870263960874,0.03378495904116204,0.18675551128608622,0.06327338397081203,0.7469357135470273,
180,True,-2.6529335294985494,0.01723449398871038,-0.0016742019686261048,0.008362037892294644,0.05139155086087206,0.16023855602811754,0.08128085958235405,0.6634603500637573,
181,True,-2.678060754958181,0.026406869701301124,-0.027668252430274213,-0.009252499298560278,0.04362352521137031,0.2128296553391693,0.08046941418857281,0.7256404041167219,
182,True,-2.63542964237645,0.024888937575418234,-0.025435931103333843,0.03197442577353259,0.032529532830137285,0.18188789493591792,0.06153905513048417,0.7471970333864122,
183,True,-2.641991582183743,0.0174807110169102,-0.03454546906355421,-0.009064395720623187,0.05218445900673245,0.17419770896725317,0.06813381068888111,0.7188404926211736,
184,True,-2.5716194726265735,0.02401641535835058,-0.02437642800028041,0.03146853467462623,0.03357389237196715,0.20135919617167322,0.057208727017879574,0.7787477800332542,
185,True,-2.650766579246617,0.011035413257006231,-0.04040417908663528,0.02061305172291509,0.05564088317750322,0.16675285313660806,0.07725646650261797,0.6833872303859393,
186,True,-2.6304419674919735,0.02939849465184536,-0.029229516913142073,0.03254235209082425,0.028467712324369402,0.18822334050310377,0.05651628331476688,0.7690758756872776,
187,True,-2.67407569859144,0.015456063359312405,-0.043529217951282645,-0.021922580775940368,0.06012432931339083,0.19684425951935713,0.0720797409044886,0.731969847276981,
188,True,-2.6428642170534915,0.02227617594519392,-0.04692006467636576,0.006074524959849141,0.04088629826032865,0.18971534485300023,0.07497139623785364,0.7167542434166747,
189,True,-2.6427386300100806,0.018364451945421266,-0.011423236149712595,0.010317131769638886,0.05236701860264469,0.18219983357902353,0.06644694031429381,0.7327657251535341,
190,True,-2.632837075297,0.007583815288721722,-0.04855129574484096,0.007802206605454898,0.06287114131116867,0.17049442931055397,0.07082743020773291,0.7065022192804471,
191,True,-2.640064319828299,0.01472483650536341,-0.02802285025451293,-0.011069829706933435,0.060459824688885985,0.18003102111847646,0.08489789612585895,0.6795446227277623,
192,True,-2.5824262870964145,0.02187734709835802,-0.04226594006011812,0.029590246744320804,0.032570338500163894,0.22103075112599652,0.06651192486145478,0.7686885098601591,
193,True,-2.6312642748161306,0.018540279291357452,-0.040785998919284465,0.019217949275197682,0.035849713260880677,0.1774969762103038,0.07249121251805642,0.710021449866073,
194,True,-2.645796453314196,0.023275206660403776,-0.03649338989846911,0.008128809393299238,0.04078903872261166,0.1914931466805156,0.07126917156494196,0.7287694368019453,
195,True,-2.5814276780679517,0.023818356431580718,-0.034600223135269136,-0.004449300354982321,0.04040551189901107,0.16687498915597512,0.07118462479372259,0.7009798360474365,
196,True,-2.6522508422756133,0.02870622591433595,-0.026430989448769038,0.03649224657722633,0.02690932384455317,0.18872016909701175,0.06415306784836049,0.746303449810233,
197,True,-2.6372290875844095,0.020461067834038126,-0.041049178128427136,0.023590146416492017,0.0475279686252087,0.16024523924356565,0.07151393452520796,0.6914299729228518,
198,True,-2.5917646779489423,0.025491800017616813,-0.03639462145806986,0.006017298820770821,0.0291578732773837,0.15026090020582608,0.05915790407661944,0.7175138866859706,
199,True,-2.6183249790726895,0.026531294788585014,-0.050254556760294306,0.018093607131782784,0.023146473891164927,0.14763818615409888,0.07078658857423223,0.6759223459780419,
200,True,-2.6098920214429775,0.023694828930433596,-0.04661232873522751,0.0035109651142954286,0.04497558766998925,0.16216469000262734,0.06575133353118372,0.7115107024433076,
201,True,-2.618750312691439,0.021426193721772752,-0.04147672629955918,0.011522538001369367,0.040335204090269326,0.157627700808117,0.07036224040221382,0.6913800669069802,
202,True,-2.6371346327165206,0.015639770431853783,-0.055556477160304145,0.020158258079908394,0.03932345236100673,0.18074910690601856,0.06825983052881353,0.7258739737135831,
203,True,-2.5664080744991833,0.03056912661611339,-0.06022780639727109,0.013684497201186153,0.020924907506986383,0.17293686280920953,0.06433381539086705,0.7288589728874206,
204,True,-2.5695297747335406,0.0346137633529153,-0.04007669358214971,0.013180476273170465,0.026016880706845866,0.20563396874298767,0.05576862453356349,0.7866561925245975,
205,True,-2.676039936702812,0.01776313640740254,-0.03273197506116423,0.011113540841694617,0.052582294945517485,0.1829712609279603,0.06702013430742768,0.7319102353730113,
206,True,-2.6817288782721245,0.015108575097390407,-0.03132762948241059,0.0016838029134037791,0.058921636130270176,0.19299299567518258,0.08317588687683553,0.698822379595323,
207,True,-2.598023133205734,0.03026084895933169,-0.057805622477018724,0.026121417134594684,0.026728555331182836,0.18035590587242686,0.060123445984605395,0.7499849965482713,
208,True,-2.632198617084669,0.02973614333416955,-0.05435857163268283,0.033931197481610297,0.012853512108698428,0.15740936905839978,0.06307534405634223,0.7139241847414732,
209,True,-2.6648127430037447,0.019060731939555955,-0.05013093602572153,0.021785184372114397,0.046214425558860496,0.20057576444653846,0.06561034498339512,0.7535170218915375,
210,True,-2.5700189494713808,0.03085247969463349,-0.04552600135171504,0.010385387585180096,0.022667264738550956,0.1885497769741925,0.06503477943047678,0.7435380909920457,
211,True,-2.6311854138499426,0.02446916557654085,-0.03689184316820351,-0.006367856849723132,0.043901903554173706,0.1632536500110612,0.06810331159668992,0.7056353475450887,
212,True,-2.6620329880952522,0.019865526705720553,-0.039809668602103034,0.01413834406523953,0.0525177303798918,0.17515474611568388,0.06832410794334814,0.719383811758935,
213,True,-2.6172331664293202,0.02606282269145916,-0.0422381713383609,0.014140614908411711,0.0369558959010609,0.18447587080319441,0.07261656637681768,0.7175468591245542,
214,True,-2.616671384854387,0.017486420895461603,-0.022329256400351886,0.016273384129761582,0.042862524485782996,0.19088935870779358,0.07249619509247639,0.7247525764171122,
215,True,-2.621765815631678,0.017933816466410717,-0.03632932841834263,0.037064853388870826,0.038126986973850176,0.13681977258603636,0.05509817990371267,0.7129076295941849,
216,True,-2.5998196578874686,0.025437746294596403,-0.043945558799347244,0.04284598536517039,0.03344631929647726,0.1715215719700674,0.051135592748304724,0.7703393339577301,
217,True,-2.6305751812771234,0.027035236184612343,-0.04955646975482408,0.02871231453432149,0.038361106495969376,0.19161598221794285,0.06402816056761723,0.7495418441042654,
218,True,-2.5781445922390223,0.02745505047982674,-0.035306048888070776,0.015947033409462647,0.031943962168651564,0.20066712856803678,0.0582622109575431,0.7749879906838935,
219,True,-2.6032269614474606,0.023448600142044803,-0.023489063205524515,0.003267994978020834,0.04449011543419527,0.1784335269407444,0.06639900514577923,0.7287982745597147,
220,True,-2.5947365586498967,0.030978953568609642,-0.025504546005313003,-0.009534763144306698,0.034581027281128295,0.20188968803480428,0.06699203151189567,0.7508494380918286,
221,True,-2.609225614453685,0.029389414427411595,-0.046877558336995105,0.04509635321478834,0.01937097656247939,0.18761227344668904,0.05665010354065426,0.7680768350846368,
222,True,-2.658101489417528,0.025763474882463062,-0.020285288323085484,-0.019001914324921203,0.048327075268257746,0.1653361265335321,0.07986920767584692,0.6742762226875245,
223,True,-2.6424895483123736,0.011226802683926878,-0.0589263289133333,-0.002248392835266209,0.06720965883496982,0.1652229109225587,0.07432452977931484,0.6897293932193802,
224,True,-2.5470190958436096,0.030477105532433265,-0.06797356306127389,-0.0037030138690439794,0.023875959632356374,0.187241013166323,0.05653841425339425,0.768075531016604,
225,True,-2.6837934870490128,0.02794798744189588,-0.0322023279084228,0.010669337885463776,0.02797637314303271,0.18438431697164864,0.06934294975808852,0.7267028071052742,
226,True,-2.6180149971857647,0.02754846178663776,-0.02587199730310515,0.0054506407426232455,0.03846426222503052,0.16169591019151922,0.060263397267324305,0.7284934884809976,
227,True,-2.6602023048274783,0.02461200493216657,-0.05251133433266484,-0.009357842027264066,0.0440351670129392,0.18610503146847607,0.06567247065952483,0.7391646588576541,
228,True,-2.639689148809275,0.017035595316813673,-0.05440315258506824,0.004554513985821943,0.04015579090979268,0.19354340130166237,0.07377195852302668,0.7240264885212438,
229,True,-2.6331821724874196,0.0212675380568103,-0.045226991499413303,-0.04326890788020495,0.04656273783263603,0.1893596525526104,0.06963094060597161,0.7311449046980019,
230,True,-2.6560881510508634,0.027449965895117626,-0.03246892365402674,0.014552217475863733,0.04259081393707653,0.19252820851110455,0.06834910843411818,0.7380028695692632,
231,True,-2.6054353935457564,0.027271548555596072,-0.03886632808161155,0.0023817642881785524,0.03442140506722939,0.17275630881479637,0.07719595017967923,0.69115722142209,
232,True,-2.6294692246440885,0.023668326140083743,-0.056333463514886085,0.021949832768712395,0.03954062354064559,0.17737056065055445,0.06358541010533808,0.7361119132849581,
233,True,-2.669441204607749,0.014459302914732018,-0.030594200402482428,0.015186507851317676,0.055517979042112524,0.19901155717898805,0.07353613108195789,0.7301898557600238,
234,True,-2.6348322135875084,0.029818292455191416,-0.030123789075644107,0.01871229592135765,0.03183842615680675,0.17253946333589945,0.05922227305421855,0.7444691519115504,
235,True,-2.6486619326139804,0.023738672837306667,-0.02401672229347441,0.009838810217452396,0.0404778571726589,0.1853719841494394,0.06366967358985558,0.7443412713847773,
236,True,-2.609308445546607,0.017531789535756976,-0.040997631132842986,-0.03002554756005808,0.0458320744588119,0.1786672079094646,0.07421489304288736,0.7065237406546582,
237,True,-2.654004970192092,0.028221088378012113,-0.03547040623334187,0.009665433591987235,0.03770440843793534,0.20616715358527332,0.06826319411157064,0.7512549370560898,
238,True,-2.6189995682410356,0.023818241127491428,-0.04394759715280764,0.025222465174409084,0.04079731241958173,0.17911824844712174,0.05776699375066153,0.7561393305268466,
239,True,-2.6648576516414537,0.0276020192998536,-0.03378605598066785,-0.013782136983712532,0.04524749788622591,0.20207338863640922,0.06558234978772251,0.7549749907330602,
240,True,-2.6046670813410615,0.020139127028049066,-0.05395958525694898,0.03606868680986952,0.05151087306311326,0.16732424343490584,0.06380532656212513,0.7239413089249257,
241,True,-2.6835863069444175,0.01748986921372801,-0.037114738726084055,0.012290205032755797,0.03659599114798401,0.1904527963388643,0.06734128731635594,0.7387787711745172,
242,True,-2.6418030246412947,0.02425654916830715,-0.02541561664843313,0.01908820089616353,0.04635856385765073,0.20562184514815043,0.061777210043148144,0.7689699763563023,
243,True,-2.6536599564178274,0.014417827193262674,-0.01750493574968377,0.03221285974952098,0.054528158424926414,0.17490886899812963,0.07481001877209022,0.7004230659519554,
244,True,-2.632307203500353,0.02595874477433347,-0.03932040990368152,0.007332024404199474,0.04715135243322824,0.20201456161938833,0.06299545788117863,0.762290278684939,
245,True,-2.694297103711123,0.015353999765221546,-0.047859049200465194,0.015739248670184273,0.04926070556517556,0.16816866692387789,0.08225135408969748,0.6715464132748452,
246,True,-2.639945220592363,0.022886672484198376,-0.04380581992795386,0.009996645979482919,0.0343283370407241,0.19504320425576752,0.07024968925137241,0.7351995060151065,
247,True,-2.6789888252131195,0.01854048343263365,-0.04095662941507296,0.02348837703019681,0.04219026950094749,0.18241857570145711,0.06090416377880194,0.7496980187347301,
248,True,-2.573689261636071,0.02274066827955437,-0.03902128451495421,0.01910059438776389,0.029482443696474313,0.17233661628871116,0.06030368283376099,0.740785740642405,
249,True,-2.605459756051989,0.021093267449302743,-0.05557742780960105,0.004700774489196869,0.035712752645335966,0.15562757974961008,0.07158691782136327,0.6849368390368569,
250,True,-2.6393832666873136,0.025772519798902993,-0.03641770752907032,0.023183763241851164,0.03991003575469738,0.17315299978125184,0.06058801319451388,0.7407899776630316,
251,True,-2.604426808136228,0.03515483937178151,-0.032964732288331064,0.005568092853366532,0.027495984287472387,0.19400017077694667,0.06307078480167737,0.7546561234048572,
252,True,-2.6307553866035778,0.02189004984777693,-0.04793756783796582,0.007138823774364362,0.042081113245771865,0.18683402215509665,0.058940093607122386,0.760185919398666,
253,True,-2.659801618959752,0.01940591683679897,-0.042334357219847345,0.01043243158849717,0.05642955294906075,0.17919668186666537,0.05844139755080135,0.7540739359026067,
254,True,-2.647845751747952,0.020255259702440895,-0.012089624110875509,0.007036311949515877,0.04165987267267534,0.19570981017310546,0.07291142117626828,0.7285716366870556,
255,True,-2.627555186969977,0.02072797944414653,-0.03132360771455671,0.030209304257022316,0.0414180100792697,0.17007307143768804,0.06424841419709411,0.7258108277051772,
256,True,-2.6239399936216765,0.0205630979868513,-0.04284946932402758,0.03846706548544478,0.03691577606751131,0.16215913643220628,0.06143595534384592,0.7252356710701916,
257,True,-2.5564501134807887,0.02881116233034692,-0.03285090849558897,0.015865384759783965,0.02849346662457707,0.15590356656756824,0.06563128450122645,0.7037428459468641,
258,True,-2.6266095863368513,0.023230844091571546,-0.014463735916897825,0.018860603038012073,0.0357978531894167,0.19283032966109154,0.06684850692206867,0.7425723720821549,
259,True,-2.603731082422356,0.012714447049804036,-0.05389825810771514,0.022370107668839134,0.04797610951154186,0.1748076333845228,0.06346593101501503,0.7336425835784486,
260,True,-2.6118425509808683,0.022702617875563245,-0.029357094249726406,0.0090379599740595,0.04046482092489207,0.1865204715262916,0.06423650572886756,0.7438296376355528,
261,True,-2.6618203822048656,0.020575996934319427,-0.027772034034857444,0.02000387133196623,0.04270738256254515,0.17192870889646109,0.07277102178197653,0.7026109445228378,
262,True,-2.611712840234024,0.02842595165364969,-0.02933393848740438,0.02066196639838461,0.029364236585003044,0.1726535188333488,0.06401605563972369,0.729512947398284,
263,True,-2.638172991775268,0.0155983596612162,-0.057486699073049985,-0.000564572594765331,0.0460705593437746,0.15643368866321022,0.06967291021037292,0.6918581299375202,
264,True,-2.6066540918384944,0.019868225397651512,-0.02691948821036538,-0.018553797300634806,0.04819548117379115,0.17310220984024893,0.06865119159876534,0.7160280219838662,
265,True,-2.636808745569532,0.024515343707873026,-0.04536770839658456,0.027478135433290234,0.04581847177994952,0.17869721615377646,0.06600794395505295,0.7302552021146722,
266,True,-2.639303254684184,0.0262018730722682,-0.04043992270748629,0.02314010653088932,0.03952555184114277,0.18021425520238285,0.06054029358925721,0.7485393572287121,
267,True,-2.6334342001157016,0.0206238641124912,-0.03273012761492032,0.033266788320282105,0.04239919235799663,0.16511122854898694,0.06343487816568302,0.7224416592452447,
268,True,-2.68044876710719,0.026324988834590984,-0.048844632432788034,0.01065128229729435,0.04389741738667515,0.1891548230329434,0.07061849661552354,0.7281533888426779,
269,True,-2.6765897440499686,0.025885058715962094,-0.0348747930534582,0.018375251017517306,0.0343801814345688,0.18175934004755728,0.0607309785397611,0.7495529764092727,
270,True,-2.6677678354329153,0.023501001998178405,-0.04730265173035103,0.02037821386368757,0.037403752401954635,0.21044800181220147,0.06414209883760542,0.7664078250242248,
271,True,-2.5899430716561485,0.030056738480390314,-0.02175556781023696,0.007188489558716928,0.021294919198053756,0.15201414768351865,0.0728543550161008,0.6760135183831413,
272,True,-2.603707062949989,0.0269017786935537,-0.0396340189266711,0.002289754352280771,0.034910984301963224,0.17869315849056142,0.06112424644788286,0.7451217251576379,
273,True,-2.618820784814233,0.026674189913614667,-0.03846803193730839,0.0016218319144056077,0.032834057936656176,0.20479580050786753,0.07010686547861761,0.7449756799300584,
274,True,-2.6170771456563053,0.019810235797402896,-0.040024319851402076,0.013322294668256142,0.043042782397925666,0.1864239770758297,0.0686514173664355,0.7308583310571952,
275,True,-2.62649227160411,0.023080552895305414,-0.04225747267173511,0.006729315769199416,0.03713320316728138,0.17916491867869494,0.06184948746089118,0.7433784625095382,
276,True,-2.6206937965471386,0.025373995370340005,-0.04850738764600784,-0.027559922796559593,0.029285585809858655,0.14737872504469415,0.06734757774338963,0.686356180547402,
277,True,-2.6442002472286203,0.02021904043569202,-0.026155150862341804,0.0014288108402458585,0.044596364961590286,0.20477617783471355,0.06626403646100114,0.7555195392935136,
278,True,-2.5924618176043737,0.024981204038712623,-0.02753029541198946,0.03147395972744079,0.039290684490991074,0.18655748079907286,0.05587325137570447,0.7695290078346033,
279,True,-2.6653059528970284,0.011876819286660595,-0.03385743901053027,0.030523812565635158,0.05699239301586002,0.17430646580004813,0.06546288018038361,0.7269756068579082,
280,True,-2.6305831644006172,0.027092782858511848,-0.03866852142142757,0.027968967985340706,0.04048257960969328,0.20613146452763906,0.06657410771570785,0.7558755137709438,
281,True,-2.638253505097819,0.025912489497395448,-0.01881772121951602,0.02874287080931379,0.034730775462413904,0.19395515797543808,0.057512390940003426,0.7712929911312632,
282,True,-2.5990650669194664,0.02778207082686633,-0.044237465304515576,0.031546494168250463,0.029951675511056364,0.1890156596798343,0.06736363324381744,0.7372501013025341,
283,True,-2.589543266039917,0.030365518684173556,-0.026545705128383154,0.022409960483159956,0.028117463754563716,0.17745045650543542,0.0603048104925595,0.7463576254103844,
284,True,-2.638397342473821,0.01624350299138511,-0.012744429861874343,0.015585491749119626,0.06078229373033037,0.18195943233372563,0.06575469899674173,0.734554106204702,
285,True,-2.6172873022071954,0.024918599743564022,-0.05311262914584768,0.0437156026238952,0.046295038659714224,0.196938237084698,0.051976641999578875,0.7911870829466133,
286,True,-2.6170196986098073,0.02113603206417283,-0.03563975173368381,0.03193084025045719,0.03469516631690719,0.16525665121707941,0.06977872338339794,0.7031139525188043,
287,True,-2.6436400794921364,0.029060546823468987,-0.038973321448020626,0.01473428886280922,0.04118830587156202,0.21532580281391256,0.058267951876749095,0.7870274782308914,
288,True,-2.5866970490547416,0.02781180380209453,-0.05310879733430702,0.025760304572228644,0.03169776769411363,0.17958187153404978,0.06179839300698832,0.7439790981897705,
289,True,-2.6247974542355057,0.02449280881135847,-0.034788316160628094,0.030168478456912153,0.035549318035284175,0.18243813792494165,0.06133248685740534,0.7484008300336981,
290,True,-2.5899406664794253,0.02989978342465201,-0.04376602946832215,0.0011513319965622236,0.023356976331593917,0.1683570862844505,0.07151418896393433,0.7018643066374581,
291,True,-2.614164096414031,0.015930145280598548,-0.04645081976537438,0.008042700770787033,0.04865869113274264,0.1853172219146188,0.06518461339724536,0.739783888943994,
292,True,-2.648851734626271,0.015419499106734302,-0.05175849355548903,0.019055625942632763,0.053690141076388684,0.18626417661219052,0.07018574299348108,0.7263179372354583,
293,True,-2.5955463827302805,0.02320960404870519,-0.02882671576739518,0.013562734656876452,0.031007301681429567,0.19591827553295948,0.05712486236305447,0.7742485220582055,
294,True,-2.575280303842662,0.021971558629290386,-0.04892987560661337,0.0007603035562226577,0.03304691761093509,0.1563522903060609,0.07365975270482272,0.6797569738496809,
295,True,-2.592142443739504,0.020987627317813715,-0.0470491830963806,0.010181949042081024,0.029397908577364525,0.15286915196079037,0.0673307140749865,0.6942290870238451,
296,True,-2.6198233879956976,0.022425051513961628,-0.03778587595107199,0.02146296174692041,0.03694149964449855,0.1829186925781365,0.07187579746972152,0.7179067826144078,
297,True,-2.652754764920093,0.02152838376804668,-0.013063416204260728,-0.017065589990257066,0.05825206679836186,0.20293696759025698,0.0688417772092789,0.7466991862808968,
298,True,-2.615482510228957,0.022734172973930388,-0.04027142533184396,0.020760399077719028,0.0496911274165178,0.17338376502869063,0.05607673193862916,0.7556148762868943,
299,True,-2.642876606499496,0.021158157695110653,-0.04684120616601054,0.03632604717970252,0.044550968147067126,0.17355920037088307,0.058234996721124234,0.7487642164829144,
300,True,-2.693723423580004,0.026491229667101955,-0.03307516096547575,0.018896111794932557,0.04067779546426913,0.2014036255897533,0.06585647131641092,0.753586591942555,
301,True,-2.603983170455736,0.0254520781408046,-0.0538511165413563,0.03506739487384811,0.03751535936246906,0.18724574264396399,0.06535717285961254,0.7412651681817697,
302,True,-2.612467167018391,0.022405920294091976,-0.028817715103188486,-0.017813225584986478,0.04021771395687486,0.18220451613964553,0.06567670388071095,0.7350476818077729,
303,True,-2.611983108505213,0.02923501785285655,-0.02715271564520616,0.011244960938282917,0.04146025415543003,0.21200401440037867,0.06755296403184477,0.7583570819419824,
304,True,-2.661869771430399,0.022671788420671326,-0.04103302249558947,0.022439072282814537,0.051472353403680324,0.17546657953618736,0.06632248613527833,0.725701052894613,
305,True,-2.6108097890778987,0.011548374569004663,-0.05332167148787279,0.0012008746171761192,0.06353616827657796,0.1483917556657437,0.06972508951018676,0.6803314780481657,
306,True,-2.6355299164409987,0.022537553957709094,-0.03683939064211078,0.007176424322014489,0.05018140532753757,0.20326901451249538,0.06655399020453594,0.753342046300565,
307,True,-2.5883155856623055,0.024283987866234043,-0.04876763217869079,0.012128846517395743,0.03392234554382401,0.17088880172680745,0.055993203557196024,0.753205621190162,
308,True,-2.588500268628985,0.03111937636083747,-0.02102015136900308,0.021680516800694147,0.019893442423844478,0.17983510070699152,0.05368891246611683,0.7700925410770587,
309,True,-2.6437507244266603,0.01812360127174083,-0.03545423305075298,0.019445364909358973,0.04207222137387379,0.18334572538665056,0.07643477179383108,0.7057717087178863,
310,True,-2.6363494724838485,0.0292213858973167,-0.04133140589582713,0.018238967403095458,0.029047160112082835,0.17172323200400183,0.07223530817801654,0.7039033430675494,
311,True,-2.6291123745055063,0.02488772964031938,-0.027365177612728404,0.027074035173173954,0.03286095283495914,0.17309680581915116,0.05736840081514335,0.7510756540956902,
312,True,-2.6630217241838574,0.018107900459343705,-0.02761273849679427,0.02248396541450151,0.04192326484802476,0.20491781791522548,0.06409461088828619,0.7617410794982217,
313,True,-2.6668257208036406,0.02881431778429634,-0.03443502843049944,0.012485252809818052,0.028461880135200672,0.1997281791717167,0.06602372982093152,0.7515587749822786,
314,True,-2.6180014005106838,0.022807577143616174,-0.021439216537388957,0.007669076428222633,0.04507538806509666,0.16845590742894553,0.06604729632714433,0.7183522644072656,
315,True,-2.5524337618385466,0.03167297908346526,-0.05493164162248084,0.026979151252307338,0.035862467483610605,0.1756314045153094,0.061198051531000455,0.7415944259947389,
316,True,-2.6074494968709483,0.020174386974361164,-0.04082507849198542,-0.03207294158801332,0.046657373613838746,0.18441561198514334,0.08059260621362103,0.695886388877291,
317,True,-2.607299151404996,0.035919667746678575,-0.03940237402256457,0.010115940532334755,0.014958768671535453,0.17104322396020263,0.0706836068621011,0.7075889067769169,
318,True,-2.61100117273297,0.025441414909290572,-0.0343854527305427,0.03224498035134016,0.04060658559859285,0.1823176486377965,0.06005422893210184,0.752222784531664,
319,True,-2.644915571251732,0.014148074925075645,-0.03143739693370887,0.053014878140496616,0.043081428608614844,0.17373503977774615,0.06761994572325068,0.7198319911109878,
320,True,-2.6167363427997907,0.014345108420712622,-0.037416305171099534,0.04341443927319929,0.04775376878525839,0.1894728933225997,0.05734173421437814,0.7676728693651385,
321,True,-2.625308250972841,0.03381450409405947,-0.04307967455055487,-0.015651525245394638,0.02704800576316949,0.18577779152855065,0.06697867302400681,0.7350070822418888,
322,True,-2.6004282816069764,0.027739058171038476,-0.05366946365357515,-0.01222474154306778,0.04012560215848394,0.17066377405538705,0.06639366761727626,0.7199258241006633,
323,True,-2.642259070005167,0.02381301190037971,-0.02342685896710772,0.02117209017632305,0.05436224745617791,0.1774842215740607,0.060647140854100536,0.7453206489237789,
324,True,-2.6486925970821793,0.021079104489083123,-0.030162691165576096,0.018772854625512585,0.04466011384144838,0.20622586281328703,0.06407947130262322,0.7629367118772982,
325,True,-2.6692897200529013,0.023613860809711378,-0.03282301018675021,0.007208367388679762,0.04202116528849105,0.20029711156241323,0.07408256064872867,0.729999820862384,
326,True,-2.5573714060752906,0.03136136571236981,-0.04215155546836522,0.006615814565207066,0.019240107944119584,0.16299063513212467,0.060339691328077705,0.7298186400187335,
327,True,-2.643918124558804,0.026973888810198354,-0.04406672074405801,0.007966789681361476,0.039202241304628294,0.18442935333884666,0.06529282880624025,0.7385381296712138,
328,True,-2.6155322079398,0.017658584575983415,-0.049690601045261525,0.0063389149426382975,0.05194398661496998,0.17272826366225422,0.06512984713485516,0.7261819371364204,
329,True,-2.676582317648482,0.01575102111339761,-0.02942496565157506,0.04754579108145359,0.04172903837555571,0.17813174237964813,0.06953633042919517,0.7192357915149398,
330,True,-2.7005622158095117,0.017603014239152722,-0.0466855636802032,0.03094368653044848,0.03749839409715678,0.19925119573037148,0.06732714364897495,0.747439556395589,
331,True,-2.615418497141291,0.028695372224016694,-0.03690972880900758,0.0062908351074440145,0.04060653890856818,0.20169614558053223,0.06439101230753734,0.758007816616901,
332,True,-2.6054123600809103,0.03339186906751381,-0.040571277232755075,0.024259621741665665,0.027230620821408626,0.178641529503319,0.06696460033216253,0.7273496374987931,
333,True,-2.6419833369468466,0.02511386913627375,-0.047462580978621514,0.022390254505819145,0.03794332869285238,0.2048846672815034,0.06540988364642385,0.7580051709445482,
334,True,-2.602050065797689,0.019851946428406035,-0.045592936768768175,0.015284297492147424,0.04572968301397864,0.19448823045329858,0.06471229199771991,0.7503388828625965,
335,True,-2.5958412101100032,0.02141555173844463,-0.026472897002855163,0.019565553609325947,0.034977048417880754,0.16335941036385077,0.06254987886577554,0.7231194915486787,
336,True,-2.5738504767423054,0.038141221252871095,-0.048273086202978856,-0.009816830978532132,0.0208689845426566,0.18564491371577713,0.058867355208784125,0.7592458019889943,
337,True,-2.676462089173806,0.022084757171575264,-0.040295965917995405,0.01585260414991728,0.04857510507359056,0.20694766561730418,0.0636747463841061,0.7647100034576062,
338,True,-2.6541245722844042,0.01349991583363156,-0.00812186653408174,0.014529563359955108,0.04915254009710127,0.16054737463058547,0.068882435877279,0.6997668449239388,
339,True,-2.601647642845709,0.02134387506190144,-0.028016387423627158,0.01388914042927603,0.04344535618387902,0.1881437431972829,0.06881849876151447,0.7321843931741957,
340,True,-2.623164239822685,0.017928420050779072,-0.026486369477761264,0.009278252848889558,0.04999693475219894,0.15565940344570697,0.06572495879234921,0.7031183317199492,
341,True,-2.60517930529782,0.03229423351161673,-0.04164412436376857,0.006759618577110443,0.028394469061312096,0.18544869637427613,0.06547699541036776,0.7390582249881245,
342,True,-2.6509931072264075,0.02116022654604027,-0.04533997283375427,0.0050897118301505,0.046305075753475575,0.16808445236146852,0.07041818015023288,0.7047488348088652,
343,True,-2.602167875200863,0.025747248978803185,-0.025095605111643843,5.5429717674507754e-05,0.031157901634748752,0.18415405153464975,0.07162999897892346,0.7199590872257204,
344,True,-2.5910818565105593,0.024642228316265804,-0.048074852219302674,0.02091672376096532,0.0426960956935815,0.17225513406597262,0.06517264273092109,0.7255053995359917,
345,True,-2.600671308710881,0.015041624131083045,-0.028071842342649447,0.009199451054617409,0.050828632562694424,0.1907869023643931,0.07763407800896978,0.710774925637393,
346,True,-2.598637568845413,0.026118603675889543,-0.04056271906884039,0.007436474473646341,0.031249651334873205,0.15875924836758074,0.06781436782369711,0.7006960962019209,
347,True,-2.659502078365228,0.025818567072416424,-0.04846706526556445,0.0167707580896004,0.0367832280265643,0.16959828545223565,0.0695000285331303,0.7093244725373343,
348,True,-2.576956990737973,0.026923169954239122,-0.019888536064472093,0.006879298115081546,0.034489321904621485,0.16099118065135423,0.0653607870201657,0.7112426823918018,
349,True,-2.613196791090469,0.01785022092902001,-0.03735688748348013,0.025215043540546343,0.040314081588035,0.19245431068969437,0.06999950010572199,0.7332883074032145,
350,True,-2.5890007941288444,0.026196468815427608,-0.013814958745487842,0.020713983656014994,0.03618488498658198,0.19233343147325588,0.06149518754755679,0.7577294956542528,
351,True,-2.6250444260758266,0.020454740000880066,-0.04383550134338458,0.012390902733688397,0.05122613844765532,0.18061686347357248,0.068531844132847,0.7249359838498265,
352,True,-2.613603684147252,0.02591171108612744,-0.02490390066173466,0.018476827598012006,0.043901351118652204,0.18265344356669252,0.06262223595709991,0.7446863216170384,
353,True,-2.6080336698069995,0.03022620009065635,-0.01793647017245423,0.025392921364967982,0.024210509837066692,0.1911233069407006,0.06680251566968627,0.741001056064884,
354,True,-2.6417506506360233,0.014561027722654886,-0.03535379944944466,0.025004248790000162,0.05164725769616837,0.16388499895182893,0.07852753777884354,0.6760582648161882,
355,True,-2.633210528060416,0.02493251806889319,-0.034251122696740514,0.011790952220226877,0.04066596135202328,0.18281567366206608,0.06693203263169467,0.7320014120451332,
356,True,-2.6320663488163882,0.022867236287431265,-0.03731896685820225,0.030205003806243816,0.04367314351421358,0.18591736760021868,0.06582326233160138,0.7385274584026085,
357,True,-2.6215346892379916,0.022175903989997303,-0.03493134625241683,0.01524556930938817,0.05006863767663197,0.190291722908884,0.06050901963530613,0.7587366806753187,
358,True,-2.5374362876124756,0.03695712531783054,-0.04252102861494653,-0.03611251108263928,0.023066077235298584,0.1605094994700984,0.05454891686498549,0.7463530244731624,
359,True,-2.621001432211478,0.028450096465735524,-0.03617637295701592,0.01256424396279629,0.03365006318823879,0.1748378785845828,0.05983636196156694,0.7450237323776495,
360,True,-2.6373866280465204,0.02637470647838281,-0.024309597265718796,0.022063328829722575,0.03410530912825722,0.1776130691499385,0.06205552993757117,0.7410777624860528,
361,True,-2.6461760754223898,0.026084729156086804,-0.02827789255371881,-0.002415517088912566,0.04197189441595127,0.19630855777170012,0.06830481323194165,0.7418693810790021,
362,True,-2.6355445138758102,0.02336124810492401,-0.02598706448494872,0.02519326593396557,0.03802887309351258,0.18889428820440568,0.06221005348734243,0.7522541702456481,
363,True,-2.642469665900268,0.009909859273371006,-0.03583749960605993,0.01606670731722447,0.0535044323598454,0.15564082871653015,0.07618785118616092,0.6713614069745797,
364,True,-2.6179049837918935,0.020181329934966172,-0.034694041684149364,0.01151054420342608,0.03683316652536277,0.16323520701710412,0.07133125078727982,0.6959017437746093,
365,True,-2.6223779566499714,0.027514716122945843,-0.052400901182362514,-0.0032084503322560853,0.03617512722439609,0.18304260224456664,0.06647298697658321,0.7335918481723918,
366,True,-2.619864731651961,0.02956695332864268,-0.047064403550177956,0.021957326638796487,0.037416816205143255,0.18735653546687844,0.06611372314551062,0.7391657565370902,
367,True,-2.6636701794420246,0.027446095105727278,-0.04025201628439723,0.01471298037657104,0.04175790233534078,0.184392581469657,0.06498138585381728,0.7394219350509551,
368,True,-2.5960659545562637,0.0293915850726909,-0.026141180495208926,-0.008804662589338402,0.04135599346128404,0.18188580703695223,0.06639112140318182,0.7325924651142507,
369,True,-2.594700041720708,0.03172454545767759,-0.03996323683377221,0.003480094716687432,0.034529277750849886,0.19325198912462893,0.057576393219064215,0.7704550311209551,
370,True,-2.6635780089540853,0.02402549485427746,-0.045316713700116695,0.012964396007879733,0.03949339249134112,0.18686488592120712,0.06006132792319915,0.7567640673377629,
371,True,-2.6080585992286953,0.033154876990480815,-0.04506946119692278,-0.007234294734418952,0.041757197546279864,0.1912829737576473,0.060294080374055155,0.7603355338500356,
372,True,-2.648914388157866,0.018213242183340216,-0.026900114394926237,0.013101894329288176,0.030089363977704172,0.18192728506714076,0.06128845202484201,0.7480078684149328,
373,True,-2.649201578981483,0.023648793215509525,-0.036680966319687355,0.03870690423279075,0.035613714402231544,0.221867074330186,0.06989404625300093,0.7604408493040705,
374,True,-2.5931715147203156,0.022557385059640545,-0.021744739469645183,0.020317537591013846,0.028893340316044208,0.1928221378638976,0.06412272396943908,0.7504416958879245,
375,True,-2.6595574417373253,0.018922614118954625,-0.054286417172052244,0.01565964251052291,0.05426857913716549,0.15488780707537395,0.07072903096455757,0.6865081898185305,
376,True,-2.6663797677848797,0.018303616941439338,-0.04606182557810536,0.03500818938221666,0.04956185312207702,0.1922524058251229,0.07313453391287066,0.724423010472657,
377,True,-2.5936499404729205,0.024907815695820464,-0.014860468838860377,-0.0006591233327140549,0.031566658687650496,0.18291112497885167,0.05708567896755211,0.7621398367442406,
378,True,-2.613609090809613,0.02706387242191853,-0.03620745995298325,0.02412134785884333,0.03535944034174869,0.1840557673273634,0.062002220464817376,0.7480178513156658,
379,True,-2.6892211571424554,0.017500252966966494,-0.03246298228394655,0.026889544876435675,0.05238270911083771,0.1788456442087626,0.05937803491164534,0.7507467136311279,
380,True,-2.6226654265589544,0.02413804205128313,-0.050697608020735224,-0.0032291033030739207,0.04502547170811418,0.20614925253669703,0.07079126660175769,0.7443809709681158,
381,True,-2.618293472827324,0.01971355378227611,-0.0361842597663055,0.000440671933995429,0.0409216027283575,0.19357016659224388,0.06331034004810761,0.7535416724448228,
382,True,-2.6000138332276097,0.019319093708430633,-0.04361722006024455,0.015481527540910447,0.043107359535792186,0.15925999687783318,0.07533005945627898,0.6788863917190462,
383,True,-2.662692546023498,0.017504352705525486,-0.02984420535972243,0.028352544590666405,0.05057094120379595,0.17392734443256838,0.0646745883333347,0.7289435689660227,
384,True,-2.682733545324499,0.019453267689478138,-0.040789738044495503,0.032958752222304995,0.04005171232800015,0.17170863271770154,0.06316160621779675,0.7310787160431057,
385,True,-2.644778749423863,0.024906252082294283,-0.0321815177617599,-0.010509362980922145,0.03803560001050402,0.1788068211032961,0.062495410254719726,0.7410077399491743,
386,True,-2.633032673997021,0.031275675765627516,-0.04373637699526209,0.006942718274947451,0.03853300011804968,0.1877020518307939,0.06166643350826198,0.7527095959041628,
387,True,-2.6266124554869714,0.02359797518852994,-0.030750121169307695,0.010875310776475598,0.04836165309900281,0.19418794715738077,0.06722055735010718,0.7428524466839537,
388,True,-2.630641538986231,0.02678078896435632,-0.04546803537293881,0.02228700974794559,0.02964397487244893,0.17782578609671063,0.06405831067124482,0.7351693991990829,
389,True,-2.613343528153136,0.023255218716251937,-0.0381231710712259,0.0064559385515083455,0.03402612441875645,0.14692893027996834,0.07177110611631232,0.6718285588838937,
390,True,-2.645307540186517,0.02226495134935392,-0.026868031081579622,-0.0007182436013780362,0.03849934875931171,0.177034444192685,0.07590225745919843,0.6999159988902574,
391,True,-2.636734916701891,0.02445737541051516,-0.029852332607249746,0.025880441946399144,0.03764156910935648,0.21068504508698938,0.06978182895440256,0.751194043172086,
392,True,-2.5974239319658277,0.025578378568569773,-0.029966270441265645,0.02836346947214325,0.03285242043995414,0.19815782149399733,0.06443835087535162,0.7546104716838093,
393,True,-2.645631791325415,0.026185115530024585,-0.051397118621336856,0.013864230790953374,0.03064826986117332,0.19399332038561995,0.07771874406725615,0.7139665320943629,
394,True,-2.6137398616820846,0.026045255989146487,-0.040603648156809294,0.005968413878244109,0.047455984485995764,0.20876776657673635,0.0673285134649387,0.7561411785237531,
395,True,-2.6151666768720823,0.02272008069968559,-0.011084572360525704,0.025281078448958966,0.03421878891094145,0.17512774772172643,0.06613589338752263,0.7258770816711045,
396,True,-2.6379943103006602,0.02299442412738725,-0.041667674208641356,0.030959914777379253,0.03456150748386639,0.16014308872527142,0.07040420192665256,0.6946214300434026,
397,True,-2.620676941822514,0.0280919236785232,-0.020469684589898073,0.015541679082341154,0.04136305048814269,0.177642711881778,0.06396277448020712,0.7352594287350951,
398,True,-2.629280143608001,0.028250282248777497,-0.02638226463673826,0.01671085928620918,0.032952060383027254,0.1985613407220636,0.04904514198942684,0.801923029428216,
399,True,-2.6858550430823445,0.012644411852381684,-0.025813058441188516,0.027616473599935003,0.053795735777543485,0.1594588621019598,0.06982435526782557,0.695466785276248,
400,True,-2.6008309589986967,0.017771561289450823,-0.048293460156408015,0.010679449357726299,0.05000162676853521,0.1651038045441932,0.06051905164727582,0.7317689676088583,
401,True,-2.669705143125759,0.0125954473422336,-0.03315754798027172,0.022934434827199396,0.06626738758407438,0.17803871551914635,0.07531860214259468,0.7027178735640349,
402,True,-2.6259242546857555,0.028975615646115435,-0.048990039705054556,-0.0061463555079052405,0.033584897763008964,0.18065627944028162,0.07050417525325957,0.7192863210122519,
403,True,-2.5925367534298087,0.03045328334591801,-0.03705918543059838,-0.003941564955269171,0.027010938696602406,0.16932779401325734,0.06881477001324254,0.7110354031227067,
404,True,-2.648493980394541,0.019685630247418758,-0.03587524614946828,0.04469444762796508,0.035309000267963526,0.17992519357906156,0.06537012484442897,0.733504392727257,
405,True,-2.667855330083219,0.01899922428189868,-0.05145781535359269,0.0181419323062405,0.055291574781195195,0.16366848269828013,0.06728288021306306,0.7086707808739307,
406,True,-2.6153320001002136,0.03317143744613093,-0.034739245790417365,0.0010653920278675727,0.033810595237908345,0.21925715164935267,0.06308845615526185,0.7765559144135171,
407,True,-2.545526091105794,0.037093948159092074,-0.03575768741590268,-0.007494611282087438,0.030300581523858446,0.18082386171494433,0.06734164526822187,0.7286422029924172,
408,True,-2.646917174960309,0.014609206340233721,-0.04359338825666034,0.028371197821903366,0.054371861904038976,0.2138607931000975,0.06240793864615851,0.7741042272439351,
409,True,-2.5785168568419032,0.026766548196775052,-0.025253980825398255,0.007526189468897269,0.03476274378062194,0.1861591299992535,0.06416646559172837,0.7436679799353286,
410,True,-2.634440030175589,0.02631205843551238,-0.04193661781785191,0.004487052835563457,0.03426440028669386,0.16297158047748952,0.0646817270859295,0.7158761812941785,
411,True,-2.5781048969450713,0.022927598821656597,-0.03472715567234572,0.018150569828946552,0.043016912613406365,0.1874270017021346,0.06666053377708905,0.7376473676626306,
412,True,-2.6030134049980496,0.02149007904913035,-0.025520029303855028,0.018667144591331935,0.05007593694658982,0.17514479575756273,0.0640765704306378,0.7321452868042422,
413,True,-2.591470901133143,0.020300630219489708,-0.03839665051039312,0.014786081545247907,0.038881449517066735,0.17143436662779668,0.06358773024335479,0.7294393544696517,
414,True,-2.641922025737444,0.015976664288429705,-0.03324821129192859,0.03683824495853572,0.03696814050132142,0.16375534643936684,0.06172306364257591,0.7262573227292818,
415,True,-2.670461684772111,0.018986355329356115,-0.019973151821303055,0.021343839637772123,0.06022021472304187,0.197451986362192,0.07196786747710884,0.7328783812642291,
416,True,-2.594966887065438,0.01812053730928425,-0.03857968461407572,0.005786958857809883,0.047941135749829174,0.18152745720477045,0.07905102639815274,0.6966325641889416,
417,True,-2.6666717701823033,0.02007144818304996,-0.03680221906154423,0.010483935578517829,0.04903725443567605,0.18612879383396214,0.06784513657760712,0.732865745442208,
418,True,-2.6119717648985077,0.03143313410979011,-0.029955866222329004,0.00939502198647917,0.032706002921506175,0.19610288018692426,0.0724435852903172,0.7302381725204401,
419,True,-2.5981171191708223,0.01986618982233071,-0.051370992085531815,0.02046136044445311,0.046386512663182895,0.18099346843253689,0.0567772000511572,0.7612102434112856,
420,True,-2.610498060638376,0.01605201372530436,-0.037982350224899555,0.0157745592084817,0.05635525743566477,0.1842313823498297,0.0719694575884898,0.7190896891445926,
421,True,-2.631263861028289,0.030322140304170797,-0.043821296383626286,0.027258768412594704,0.016861858246407905,0.15632754633071408,0.06986727765793847,0.6911190255111962,
422,True,-2.641357350302828,0.026033290561325997,-0.042044856220012576,-0.004916429354154572,0.03717492722763608,0.18043038422933597,0.06780618613802705,0.7268485218044977,
423,True,-2.611933635214851,0.024320544060841456,-0.044607344567911274,0.0011358141188142514,0.04587030829286838,0.16564482920602755,0.072400746976924,0.6958534237944421,
424,True,-2.6745932803233647,0.023334313930622675,-0.03401069390531097,0.019760481296440847,0.04076567226112924,0.1798829660382766,0.06570992618352582,0.7324436974170199,
425,True,-2.6566655726736976,0.019982935889382485,-0.03461537530629613,0.0228460473876359,0.03963005624072967,0.17588500592401493,0.07518412577952098,0.7005441279483976,
426,True,-2.5949901620259572,0.02914044564627942,-0.011351668184468866,0.008370810630711135,0.03136908684585899,0.180976781423853,0.07230328724567708,0.7145322660978286,
427,True,-2.6348067549264735,0.02137782177842321,-0.04090053028334364,0.019817674522825596,0.034523392197906885,0.169266595082385,0.06779109177730938,0.7140312441442475,
428,True,-2.633635953755996,0.017407095765306132,-0.03483948952436006,0.021785100538918568,0.04151737291533633,0.18790257647771294,0.07349417989912556,0.7188405054530446,
429,True,-2.638147515606945,0.020739257397022662,-0.017189838209297464,-0.007218066824106016,0.04672682532399522,0.18554190798232617,0.08156582320089603,0.6946332371602302,
430,True,-2.6482102020903615,0.022409396036207375,-0.027840685044184958,0.020934502385835288,0.047673767190432814,0.1498553543376205,0.07394577007475246,0.6695916060792394,
431,True,-2.594521143562141,0.024142285080164437,-0.03240038777751983,0.039253883052126674,0.036234097129916716,0.15778401505036696,0.06645095088017543,0.7036548220550097,
432,True,-2.6495444433686726,0.021096233510368885,-0.05354212546220202,0.024706398905867826,0.03991447044880109,0.18071974293389276,0.059883463117633505,0.751111117343926,
433,True,-2.6251283557313414,0.029607203705062292,-0.053388841754899344,0.022797586902435333,0.03706069785305838,0.18818500938374508,0.06238172940655039,0.7510374692677828,
434,True,-2.6187856152736506,0.020192994835773165,-0.038105515190002916,0.0239214874289271,0.03220207832009616,0.16030252517889426,0.06675103643160184,0.7060119385129429,
435,True,-2.6282801698692717,0.019053561042236565,-0.048601983988950166,0.017035923189090474,0.04217036679447294,0.1949394570226558,0.0614165307654701,0.760424824497449,
436,True,-2.6479607241616456,0.026992099807342154,-0.03534653550896994,-0.0022491422013682233,0.04691244217149974,0.17919431542581798,0.06828435786354521,0.7240798289568005,
437,True,-2.647412205260578,0.02224239934253959,-0.03623267848270129,0.02175750068478238,0.04667357630540032,0.19515566396843773,0.07174265498346227,0.7311985505746419,
438,True,-2.6626734815174653,0.02336306767569989,-0.04353225854979134,0.009198047070669414,0.041428287860186916,0.19164579700652382,0.07098853232523028,0.7297058137607019,
439,True,-2.6301491754441226,0.01996379958730383,-0.03668220859995252,0.025452198604271087,0.04813353883750116,0.1935495228327645,0.06700803875465004,0.7428282704734727,
440,True,-2.636176094654061,0.01875303143920856,-0.034012074521708055,0.018229194883370114,0.052358525845335784,0.17928205413839157,0.07276897848450646,0.7112926786006128,
441,True,-2.6052014556061165,0.0226368882362461,-0.026507968269150313,0.021868496432088734,0.030774916308379988,0.1763215124520581,0.0647156268926766,0.7315118032490445,
442,True,-2.5630523493041655,0.02121700545341702,-0.03691907804606223,0.005174999393374856,0.03568369216627806,0.16989359480921323,0.06312823063117941,0.7290887644885964,
443,True,-2.6648422262458773,0.015930957346124913,-0.048011212014048024,0.008982531313706013,0.04608551390388014,0.20790074468951683,0.06927452487317076,0.7500696040362173,
444,True,-2.592305016242704,0.031587725586448866,-0.04108827124262402,0.005026537909685207,0.02405931111146468,0.14442806151119353,0.06873202121189105,0.6775567904935534,
445,True,-2.639458371331321,0.025123422112489746,-0.04049144702714536,0.008916836009908079,0.030897375400307323,0.18561074712160974,0.07079624936865185,0.7238911171000721,
446,True,-2.6222605536799795,0.014440245819912703,-0.022425722312640325,0.0023057892776369186,0.048122861953944496,0.18910972737924706,0.07635673551909795,0.7123676765590642,
447,True,-2.589048835713125,0.02457318002340409,-0.030123194003239148,0.00919023961834366,0.02433107767480031,0.16800593746243303,0.07135454796814118,0.7018950398609659,
448,True,-2.5986825877608566,0.02469113233101073,-0.046620698546952416,0.016235137942701854,0.036835269039783514,0.16346077397652317,0.06751581597601909,0.7076941174432817,
449,True,-2.590047564082306,0.024649602195792594,-0.02729918449395914,0.021293993428452188,0.02725322526716794,0.17582859339555923,0.06727585933325404,0.7232635660182609,
450,True,-2.663090168197748,0.01300272846941386,-0.04204850940115671,0.015593914564975393,0.054048654661383935,0.19037010389046027,0.07057117845767809,0.7295514997756293,
451,True,-2.5934458563702214,0.035898361511044675,-0.04066283398133152,0.006827056296868845,0.015385555403593302,0.17734741205137203,0.05619185010341118,0.7593901360098979,
452,True,-2.619435266948257,0.02162382189045239,-0.05086735251582622,-0.018672496902654007,0.04013062913440417,0.168068628786979,0.07214306987489993,0.6996687910006905,
453,True,-2.623942080323823,0.022479756763664382,-0.04620145453292956,0.034248088093545695,0.03391852497571647,0.18267160326423632,0.06631905077876314,0.7336484333773019,
454,True,-2.6622794585762772,0.02128283570731077,-0.03397206325501589,0.03948504366089157,0.036017265297588245,0.18868741090310964,0.0625631585868073,0.7509929680405438,
455,True,-2.60534423669749,0.02444578033431242,-0.06991447192447918,0.022880637249768805,0.035038876516259004,0.1932629714178847,0.06087309983067572,0.7604704458851174,
456,True,-2.6634063805067516,0.02533813829006768,-0.04853984562491158,0.043365205858965195,0.03055615230821368,0.2145041084360282,0.06411127564222861,0.7698932675439731,
457,True,-2.6074281325864126,0.027510330481322714,-0.02878332487975448,0.018676780821742494,0.035310411269429395,0.2133367154374932,0.06317544206176288,0.7715274343337586,
458,True,-2.584093715090486,0.03199771274721511,-0.041599295028466925,0.018688181548738417,0.025718707391387558,0.16515500277211323,0.05200546136647655,0.7605205829119653,
459,True,-2.59388543980178,0.028926322006981614,-0.05916064039140386,0.013487217373914506,0.02309087125372171,0.18040553776885726,0.06227022990764116,0.7434015332315702,
460,True,-2.652039843527742,0.021375554889604055,-0.038008224829593616,0.015996022975038614,0.04354924657800962,0.17621181072549708,0.07028247483671551,0.7148717882996238,
461,True,-2.6369498852809508,0.021125601514190025,-0.03949496875479603,0.007926066648197937,0.04606361559516891,0.16388016011662873,0.0641343445798043,0.71872690877631,
462,True,-2.6362093973713647,0.022695211016492065,-0.05922446521860163,0.025418678408860765,0.0384784186620929,0.18311074922179701,0.07686399003851181,0.704340543788183,
463,True,-2.6334004019445745,0.02021490460945007,-0.02924258113963884,-0.010934022710716728,0.04851688835461008,0.20874871640263254,0.07341604477157528,0.7398114333410741,
464,True,-2.6247621789793185,0.016387695215262642,-0.04137303842130119,0.005856772396815344,0.044436289571769455,0.15944621327858305,0.0700222992831153,0.6948500755009336,
465,True,-2.5959717826852127,0.022630635196888505,-0.03776411433867866,0.012657235488607666,0.037266966906881256,0.19491951092658996,0.057787467676565556,0.7713261897396452,
466,True,-2.607509022791779,0.026901039524504473,-0.047313938751785835,0.007492280548139901,0.02944879884272579,0.2003066782176785,0.06254602883936064,0.762049135656084,
467,True,-2.629401825677807,0.02554160278468026,-0.035025443427324915,0.014305378812658674,0.036590935300826424,0.16669959349132119,0.058135727024502586,0.7414297411495404,
468,True,-2.6042360983251838,0.025443788105912805,-0.04054826610289805,0.029198588309177886,0.023357640030929668,0.18222815313691998,0.06690141739752652,0.7314593476237851,
469,True,-2.611133210949809,0.029146046310664822,-0.037171525021605985,0.03154093766565898,0.022069034457634196,0.16518802836763144,0.0632832285427782,0.7230144859421269,
470,True,-2.6498795833995366,0.0235212632223061,-0.04793628626002417,-0.0060721070559189875,0.03907622667656631,0.18870558360313427,0.07845702283855581,0.706332319917385,
471,True,-2.5949272224280158,0.02564551349492769,-0.02983274310918355,0.03003336664977968,0.03568990492036099,0.1765780077233864,0.05921196500626705,0.7488783584781321,
472,True,-2.6569891225638567,0.020597475297615235,-0.033330701605082336,0.03877404263497701,0.03965707580869891,0.1686508024098296,0.07980248455149141,0.6788028625923754,
473,True,-2.696152589359251,0.017867446597868774,-0.04550821896947696,0.020641272083276492,0.04899194924433828,0.2071429073755624,0.06843983996016181,0.7516541197813589,
474,True,-2.6047599941447537,0.028934478994605425,-0.06091604005214987,-0.02220524160543227,0.034057109553468884,0.1735766675915036,0.06821203399436557,0.7178857674201925,
475,True,-2.6365744995695417,0.030828367566077174,-0.032760061783493055,0.027631207371441705,0.02926859352647345,0.16796263381477636,0.07019662502910758,0.7052534284416704,
476,True,-2.699790133495103,0.01567132410506875,-0.013448377358513423,0.00998923392188626,0.051955164427894426,0.17956413597552545,0.07212354036483955,0.7134403185187953,
477,True,-2.652453930768856,0.02573157797527437,-0.059832334330905214,0.0071219890327234095,0.028888810706569863,0.17104981461110932,0.06242942819971796,0.7326125121525241,
478,True,-2.5888557921794626,0.03706930529856081,-0.041955126784275945,0.031115290372145287,0.005723715104302016,0.2135254767098588,0.06071259695716203,0.7786135376998049,
479,True,-2.6270121092859604,0.02425910524696743,-0.045849302175182766,0.022256028056693456,0.04483662147274535,0.19049673793643312,0.06217917872553481,0.753917272579964,
480,True,-2.636866535924226,0.016984242984492953,-0.038415179184822776,0.005697875999038093,0.043267388911567575,0.19657067551757934,0.05795898331371289,0.7722898636652423,
481,True,-2.622519703060296,0.017640216827588772,-0.027489153716409455,0.056037897918954055,0.038728903086452236,0.1893918532239404,0.06030175795778593,0.7584969928850183,
482,True,-2.5761881556170207,0.023217896596736492,-0.028432855200399964,0.012721070149456778,0.02665683066712475,0.1507792620534753,0.05724567517831372,0.724813400065933,
483,True,-2.652807680939747,0.019116372813863997,-0.03102445309495351,0.008987114925283144,0.03866616839758638,0.18945737259058582,0.07657894859959785,0.7121485207094966,
484,True,-2.6490058426078935,0.021045375093710565,-0.03512086797209352,0.0015641563002407603,0.035142596834078756,0.19730436791100675,0.07083462479582231,0.7358287055502232,
485,True,-2.638906194269252,0.028039207411137534,-0.03754431076076717,0.014637556246570137,0.029184269437336218,0.16926428569140517,0.05907818095864708,0.7412737900865907,
486,True,-2.5663339643547007,0.02949038266361728,-0.03790835698070994,0.028302954102962068,0.02644669187123428,0.18278796520723237,0.050612259483156265,0.7831524817497725,
487,True,-2.615923639946727,0.019693147932526887,-0.03847008755716317,0.02644371415512515,0.045832951838097456,0.17900042979539024,0.06302156919317921,0.7396039638687734,
488,True,-2.599247878361132,0.02477028911870942,-0.04986211380644706,0.016639777356006764,0.030437643870832885,0.16126287809455775,0.07740094861787256,0.6756904903266545,
489,True,-2.6017383689583573,0.028109912817083235,-0.03211850819996775,0.014098621594361534,0.03334624101339681,0.16672580528380812,0.06903627475784085,0.7071782080237622,
490,True,-2.6436208146615225,0.021523036434223975,-0.0212486507729589,-0.0009784632957120225,0.052033699013361426,0.17486275558945288,0.07225857375606813,0.7075987979368735,
491,True,-2.625634711086718,0.021288444481679828,-0.029962906528994578,0.023585572470485757,0.03264763438821482,0.16648661870863354,0.07291968106655336,0.6954145269567753,
492,True,-2.645254384686434,0.029374135272293173,-0.0310667749755957,-0.0054163664290072305,0.02939089399787266,0.21343853296022125,0.06450935861511801,0.7679084440990177,
493,True,-2.5771631793025587,0.033850888890268174,-0.035879491620735136,-0.01597335348120829,0.03436918565582206,0.17221280216622833,0.06415672146346366,0.7285744774610846,
494,True,-2.628940401581607,0.02445262144375681,-0.036194604664689586,0.025645382429222277,0.0472514335616158,0.20886284062500066,0.06684733513159531,0.757544911252714,
495,True,-2.635567624880979,0.024117081079690076,-0.04417199787116466,-0.0065478300490792955,0.04955913729774703,0.18169691473274938,0.07552816029533721,0.706373259733367,
496,True,-2.621495804890252,0.02390736193130353,-0.03650960916900047,0.009592740194553199,0.029813549091026043,0.18557967490119692,0.06627798173997868,0.7368434907881095,
497,True,-2.6035394493515747,0.027080456446498306,-0.018419142318037783,-0.004098050896328215,0.0402750126841467,0.18049886488324127,0.06417543467003571,0.7377107657518328,
498,True,-2.601364109509859,0.030248960097543312,-0.04120808177179605,0.019490831602094617,0.028107885512802477,0.16388697199190624,0.06566091256179499,0.7139554882439614,
499,True,-2.627683128656054,0.02288170654469487,-0.020018593368772555,-0.01942728442896631,0.040224374457279825,0.1815223234020614,0.07856498014182614,0.6979284299105782,
