seed,fold,model,rmse,mae,r2,converged,warnings
20250904,0,mixed_linear,0.031098127025235955,0.025915354422095,0.06992145665622385,True,
20250904,0,mixed_hinge18,0.03119810026163643,0.02593207821409407,0.06393187269870926,True,
20250904,0,ridge,0.03025622825837028,0.024735315709102985,0.11959857887754555,True,
20250904,0,random_forest,0.02900904335293517,0.02312405755030094,0.19068428539062987,True,
20250904,1,mixed_linear,0.036504290873432,0.027902440449195216,-0.06795561067143852,True,
20250904,1,mixed_hinge18,0.03656301047552985,0.02785328647193985,-0.07139413055936061,True,
20250904,1,ridge,0.03440790155472479,0.026323433224201626,0.0511845606368011,True,
20250904,1,random_forest,0.034418238644405214,0.025047731938243372,0.05061437395641488,True,
20250904,2,mixed_linear,0.034809783839383754,0.029809794400285985,-0.06359450264947664,True,
20250904,2,mixed_hinge18,0.03515558982854541,0.030040796999192973,-0.08483130376033299,True,
20250904,2,ridge,0.03294002862251807,0.02753970423120038,0.047595638645738236,True,
20250904,2,random_forest,0.031123602942017728,0.025595926605974064,0.14973722961655778,True,
20250904,3,mixed_linear,0.032713341179570594,0.02573574145423754,0.06279261127292568,True,
20250904,3,mixed_hinge18,0.032651240704172226,0.025747353562341396,0.06634747788879447,True,
20250904,3,ridge,0.033351386068054115,0.026595573982685753,0.025877279347867432,True,
20250904,3,random_forest,0.03111566944627317,0.024059312889613764,0.15210085767332204,True,
20250904,4,mixed_linear,0.03327726343289551,0.02686718528098551,-0.1675398544850657,True,
20250904,4,mixed_hinge18,0.03329755645489118,0.026800285026264303,-0.1689642586377189,True,
20250904,4,ridge,0.031340224541712224,0.025887260433051014,-0.03557298455770819,True,
20250904,4,random_forest,0.02813262012798954,0.023301559077557404,0.16555662900154622,True,
20250905,0,mixed_linear,0.03173131526994276,0.026338787662129846,-0.04062311241220207,True,
20250905,0,mixed_hinge18,0.032089778086684534,0.026639612962861572,-0.06426736947668954,True,
20250905,0,ridge,0.029970264887085332,0.025104404490311375,0.07167834351734581,True,
20250905,0,random_forest,0.02781242773382076,0.02309635452997554,0.2005429825011853,True,
20250905,1,mixed_linear,0.03280991023290733,0.027024937783837202,-0.10300658750015956,True,
20250905,1,mixed_hinge18,0.03274382598277309,0.026782917512475215,-0.09856780937164111,True,
20250905,1,ridge,0.03219726122389054,0.02704142504382652,-0.062198989997664045,True,
20250905,1,random_forest,0.03040230831513062,0.024772089385264175,0.05293205003684742,True,
20250905,2,mixed_linear,0.03655961266734159,0.03047300489516296,-0.19346429926583264,True,
20250905,2,mixed_hinge18,0.03668357358956066,0.030399988183676795,-0.20157126407545767,True,
20250905,2,ridge,0.03386538034503511,0.027518923875145346,-0.024042958258178926,True,
20250905,2,random_forest,0.03146774904330865,0.024998189589996965,0.11582625148490644,True,
20250905,3,mixed_linear,0.031850660813145984,0.024562149461288693,0.05810779838465541,True,
20250905,3,mixed_hinge18,0.031838047280802195,0.02466181085389674,0.058853668954667704,True,
20250905,3,ridge,0.0318695533294008,0.02463665975941894,0.05699008271879491,True,
20250905,3,random_forest,0.03134523421493688,0.023178302730433427,0.08776370933283029,True,
20250905,4,mixed_linear,0.03576285663922155,0.028297393376640292,0.023061953477938157,True,
20250905,4,mixed_hinge18,0.0358800364590248,0.028388905919808173,0.016649436012631358,True,
20250905,4,ridge,0.03527302156107466,0.028119360559015764,0.049640440579416856,True,
20250905,4,random_forest,0.033559908764500865,0.0257288091342259,0.13971141011635047,True,
20250906,0,mixed_linear,0.03265648249549094,0.026360439181398625,-0.012217897283844703,True,
20250906,0,mixed_hinge18,0.033011815727823725,0.02671596066181744,-0.0343655034463175,True,
20250906,0,ridge,0.0317815246971595,0.025802106016526525,0.04129573265385911,True,
20250906,0,random_forest,0.02998210997744476,0.024423091807297365,0.14678282415401211,True,
20250906,1,mixed_linear,0.0357209724796836,0.029661844227486477,-0.0687112085940278,True,
20250906,1,mixed_hinge18,0.03578312869689813,0.029596986932870675,-0.07243366263375584,True,
20250906,1,ridge,0.0350423428431302,0.028863521686955083,-0.028490028339952067,True,
20250906,1,random_forest,0.03306583034440906,0.026172227503645867,0.08425894953201107,True,
20250906,2,mixed_linear,0.032598228623821245,0.025568032185412336,0.07969715402834687,True,
20250906,2,mixed_hinge18,0.03259007649268286,0.02563045068471353,0.08015739323177506,True,
20250906,2,ridge,0.03182887518127583,0.025250632541285067,0.12262481968168337,True,
20250906,2,random_forest,0.03130387525772258,0.024180406438669772,0.15132976426785305,True,
20250906,3,mixed_linear,0.029833119199397178,0.02412851609594261,-0.1538830466362966,True,
20250906,3,mixed_hinge18,0.029694323999359402,0.02385001087505917,-0.14317140234667702,True,
20250906,3,ridge,0.027781792456741082,0.021747725036843527,-0.0006564314626222867,True,
20250906,3,random_forest,0.02625451631468284,0.02028163874896644,0.10633960943148613,True,
20250906,4,mixed_linear,0.037620425093344644,0.030944449291297093,-0.05960730386820079,True,
20250906,4,mixed_hinge18,0.03783842951383399,0.031082193958582315,-0.07192339956510296,True,
20250906,4,ridge,0.03553318432498379,0.029557242041390538,0.054708389322037476,True,
20250906,4,random_forest,0.0335560001359797,0.026801684323026525,0.15697991651435828,True,
20250907,0,mixed_linear,0.03495621248312558,0.027668029785165343,-0.011414219688453242,True,
20250907,0,mixed_hinge18,0.0348410249972376,0.027632285308899034,-0.004759590702908545,True,
20250907,0,ridge,0.03353764669553428,0.026275823025452776,0.06900899560876872,True,
20250907,0,random_forest,0.03395115913342061,0.025340588134029403,0.04590959904505054,True,
20250907,1,mixed_linear,0.03691824798023304,0.02893281670585794,-0.09814118222018053,True,
20250907,1,mixed_hinge18,0.037147055175083626,0.029081473683623373,-0.11179520096993745,True,
20250907,1,ridge,0.03471073874341466,0.02783603960418763,0.02925820832649162,True,
20250907,1,random_forest,0.03400178197285433,0.026533282965776124,0.06850748420023178,True,
20250907,2,mixed_linear,0.03070286341999824,0.02593431184169819,-0.008875091468623308,True,
20250907,2,mixed_hinge18,0.030937136468892755,0.02598674119995095,-0.02432993445573839,True,
20250907,2,ridge,0.029903756647776836,0.02524951761307173,0.04295768995539184,True,
20250907,2,random_forest,0.027499206751133824,0.02318940578499909,0.19068056281948742,True,
20250907,3,mixed_linear,0.03427764879220941,0.027766830064038305,0.026268851341926025,True,
20250907,3,mixed_hinge18,0.03426522558858583,0.027733958933839568,0.02697453966279395,True,
20250907,3,ridge,0.036114387410183114,0.027838062285640067,-0.0808800935308791,True,
20250907,3,random_forest,0.032509156240046654,0.02468814573074063,0.12415267290927312,True,
20250907,4,mixed_linear,0.03218837351895792,0.02650603869708312,-0.14279817858453403,True,
20250907,4,mixed_hinge18,0.03236173366175374,0.02653485323815651,-0.1551410924605563,True,
20250907,4,ridge,0.02951847994011741,0.02461704555882857,0.038920189215435164,True,
20250907,4,random_forest,0.0272741601121693,0.02235960025717894,0.17950819770794613,True,
20250908,0,mixed_linear,0.037378635721310366,0.030759964774113215,-0.10994624181349022,True,
20250908,0,mixed_hinge18,0.03754119558733159,0.030898662061087535,-0.11962155822010723,True,
20250908,0,ridge,0.035477568475169745,0.0289431889487772,8.577492455863478e-05,True,
20250908,0,random_forest,0.032871529040884924,0.025860312350263617,0.14158980880250582,True,
20250908,1,mixed_linear,0.029009272604836146,0.022836043977465838,0.14511791167127686,True,
20250908,1,mixed_hinge18,0.028945233822638597,0.022627036394855245,0.14888809800943492,True,
20250908,1,ridge,0.030032355260251616,0.02415687038439326,0.08375561804226894,True,
20250908,1,random_forest,0.029400365217531126,0.02258144226286727,0.12191210523499596,True,
20250908,2,mixed_linear,0.03426089739835958,0.027838223876649484,-0.11928626370919648,True,
20250908,2,mixed_hinge18,0.034225147361912484,0.027727457090088444,-0.1169516110358797,True,
20250908,2,ridge,0.032898451229586935,0.026830497083630188,-0.03203544060124619,True,
20250908,2,random_forest,0.0321149322341549,0.0251135466541821,0.016537679762329782,True,
20250908,3,mixed_linear,0.03665169713709912,0.028902539846826072,-0.17587037511223902,True,
20250908,3,mixed_hinge18,0.03724403265857213,0.02944959621569683,-0.2141844541195248,True,
20250908,3,ridge,0.03442980907588807,0.027458066109528646,-0.03762517300736756,True,
20250908,3,random_forest,0.03281384333094,0.025431232300157987,0.05749107605593162,True,
20250908,4,mixed_linear,0.03173612085796517,0.026778047070248556,-0.0014279547210640509,True,
20250908,4,mixed_hinge18,0.03173273375585891,0.02674473137394803,-0.001214207253684263,True,
20250908,4,ridge,0.03090560894690933,0.025633307264816156,0.050299562638982054,True,
20250908,4,random_forest,0.029140669998934894,0.02420020035156189,0.1556721913102973,True,
20250909,0,mixed_linear,0.030316559522611412,0.024539653894637168,0.02123499269918261,True,
20250909,0,mixed_hinge18,0.030712348909538962,0.024785511088769255,-0.00448781394136244,True,
20250909,0,ridge,0.02872567499428175,0.02319422714610064,0.1212626391038153,True,
20250909,0,random_forest,0.028501627576053234,0.022538065009603994,0.13491669970351305,True,
20250909,1,mixed_linear,0.035170105118528035,0.028044844511419757,0.050867348826728276,True,
20250909,1,mixed_hinge18,0.03511805586438751,0.027874340228821785,0.05367456768183121,True,
20250909,1,ridge,0.03462987184735145,0.02738042963880994,0.07980186254314037,True,
20250909,1,random_forest,0.033951437246884576,0.026523615454340274,0.1155039279182618,True,
20250909,2,mixed_linear,0.0339129703919512,0.027456991856768524,-0.23012625140332488,True,
20250909,2,mixed_hinge18,0.034125998577221046,0.027596017261480425,-0.24562914680397774,True,
20250909,2,ridge,0.030588999103897688,0.02491923840996917,-0.0008029082301850288,True,
20250909,2,random_forest,0.0292772720495985,0.023658891825783623,0.08319021093922851,True,
20250909,3,mixed_linear,0.036368657251755816,0.02990261886435587,0.008965180852707255,True,
20250909,3,mixed_hinge18,0.036378200955879014,0.02995976718917512,0.008444986554273948,True,
20250909,3,ridge,0.03464995206627969,0.028094613508429494,0.10042028114274448,True,
20250909,3,random_forest,0.0330690472504815,0.025004886087275253,0.1806343661038723,True,
20250909,4,mixed_linear,0.03333379317630906,0.026971920773440496,-0.12721484030415864,True,
20250909,4,mixed_hinge18,0.03337570884019043,0.02704503971704729,-0.13005146103625131,True,
20250909,4,ridge,0.032412304049768664,0.026757544499414858,-0.06575415230235104,True,
20250909,4,random_forest,0.029421253650762036,0.02421737815271236,0.12186846540616048,True,
20250910,0,mixed_linear,0.03384176832773449,0.028467149539565136,-0.11004521683865498,True,
20250910,0,mixed_hinge18,0.03371843557915092,0.028187057910789282,-0.10196907503954056,True,
20250910,0,ridge,0.03197625626825515,0.027924311449317958,0.00896314527553077,True,
20250910,0,random_forest,0.029353094771254105,0.024708203549607493,0.16489253241344803,True,
20250910,1,mixed_linear,0.03665407875214684,0.030192625681987727,-0.22158324898713522,True,
20250910,1,mixed_hinge18,0.0369313940987525,0.030465868928388734,-0.24013754327390102,True,
20250910,1,ridge,0.033924014738997206,0.027453725171634843,-0.046388451836923306,True,
20250910,1,random_forest,0.03094910973679068,0.024362246399979304,0.12908699978474192,True,
20250910,2,mixed_linear,0.0337830163889578,0.02547230036534671,0.10765000437403516,True,
20250910,2,mixed_hinge18,0.03375855530516787,0.025573629728520484,0.10894177449760867,True,
20250910,2,ridge,0.034993692260736,0.026435962012200366,0.042546007169356526,True,
20250910,2,random_forest,0.03462700278653506,0.025342641599594547,0.06250668000927073,True,
20250910,3,mixed_linear,0.030815788244646824,0.02486507702129316,0.10262462881772016,True,
20250910,3,mixed_hinge18,0.031104669349777694,0.024902839719165275,0.08572096379871186,True,
20250910,3,ridge,0.030609694584769535,0.02516030363459837,0.11458764786629749,True,
20250910,3,random_forest,0.03042412455442178,0.024152278859915378,0.1252906587953856,True,
20250910,4,mixed_linear,0.034726949821626774,0.02846594338475935,-0.22175577697319593,True,
20250910,4,mixed_hinge18,0.03482081514338434,0.028581469451603097,-0.2283694005547825,True,
20250910,4,ridge,0.03277632876821357,0.026154708469056688,-0.08835790663008702,True,
20250910,4,random_forest,0.02986585465718483,0.024310920535142853,0.09634841076699419,True,
20250911,0,mixed_linear,0.037144024349847794,0.029342984286080006,-0.04484316709816927,True,
20250911,0,mixed_hinge18,0.03722139427127479,0.029412999685013232,-0.04920045623158775,True,
20250911,0,ridge,0.035255463833636515,0.027695802756112966,0.058704328135147366,True,
20250911,0,random_forest,0.03307041451172471,0.025301418887266367,0.17176710926452965,True,
20250911,1,mixed_linear,0.03207237909207137,0.026014049234453673,0.03512868350819398,True,
20250911,1,mixed_hinge18,0.03202017287197698,0.026019360430190604,0.03826728991503947,True,
20250911,1,ridge,0.03138651728527875,0.02560253598560857,0.07595462200370151,True,
20250911,1,random_forest,0.0303381710724512,0.024110335506956293,0.1366521046097039,True,
20250911,2,mixed_linear,0.03590267584562933,0.029415901961983956,-0.12529577776734802,True,
20250911,2,mixed_hinge18,0.036188545843276916,0.029598285141181305,-0.1432871387243002,True,
20250911,2,ridge,0.03437686124077639,0.027517872078717538,-0.03168115034130259,True,
20250911,2,random_forest,0.03255516297735905,0.025086440246929614,0.07476340625824418,True,
20250911,3,mixed_linear,0.030468655350366095,0.02488649020688791,-0.03989354133845513,True,
20250911,3,mixed_hinge18,0.030460060977994474,0.0248266896103267,-0.03930697315917464,True,
20250911,3,ridge,0.028872704103499968,0.02404764454472022,0.06619278636608683,True,
20250911,3,random_forest,0.027635108857359147,0.022698652599743383,0.14453023732076287,True,
20250911,4,mixed_linear,0.0329342897460028,0.0268823998523359,-0.06359199790265468,True,
20250911,4,mixed_hinge18,0.03310834844235208,0.026926463367206117,-0.0748639360574237,True,
20250911,4,ridge,0.032000247819920676,0.02647182512206345,-0.0041188974140886625,True,
20250911,4,random_forest,0.031018878147622206,0.02515756405249652,0.05652449185955433,True,
20250912,0,mixed_linear,0.0351714347199077,0.029922999116319966,-0.1390334698243325,True,
20250912,0,mixed_hinge18,0.03533557048306414,0.02982831577507538,-0.1496894107416873,True,
20250912,0,ridge,0.03181816784508498,0.026605374384947346,0.06780524790750031,True,
20250912,0,random_forest,0.028736238166743814,0.023870048654320894,0.2396454561003074,True,
20250912,1,mixed_linear,0.03624582309716524,0.02847793673973302,0.02487234982170372,True,
20250912,1,mixed_hinge18,0.036280423105043175,0.028512506566606838,0.02300976124170029,True,
20250912,1,ridge,0.035553003144717654,0.027900730650214263,0.06179418414256366,True,
20250912,1,random_forest,0.034736096145222765,0.025870253768059587,0.10441346660267181,True,
20250912,2,mixed_linear,0.03307994276010567,0.026803264659170527,-0.0886756573491041,True,
20250912,2,mixed_hinge18,0.03304508987510622,0.026806478801260507,-0.08638281789560609,True,
20250912,2,ridge,0.03322557210802777,0.027108369792233324,-0.09828221006083848,True,
20250912,2,random_forest,0.03129074891379662,0.02555529591813474,0.02590586418909513,True,
20250912,3,mixed_linear,0.03124638355864015,0.024741562261816147,-0.020272770713847477,True,
20250912,3,mixed_hinge18,0.031468844518982915,0.02482902505736116,-0.03485230296270703,True,
20250912,3,ridge,0.0298396393862148,0.02370473986603662,0.0695266950203618,True,
20250912,3,random_forest,0.029973781228999307,0.023698824092030762,0.06114214644870686,True,
20250912,4,mixed_linear,0.03266819316905759,0.026700966473049682,0.023306078581816103,True,
20250912,4,mixed_hinge18,0.032821970614720454,0.02681898097717591,0.01408934626768299,True,
20250912,4,ridge,0.03291506356885127,0.027067900734594075,0.008488738306453247,True,
20250912,4,random_forest,0.032453404483208874,0.025428886432812856,0.03610710230836933,True,
20250913,0,mixed_linear,0.035649033318225824,0.0289115163917033,-0.00764915829784929,True,
20250913,0,mixed_hinge18,0.03583658465013197,0.02896546565948,-0.018279633028901898,True,
20250913,0,ridge,0.03448572357199814,0.0276692291386172,0.057041637478275176,True,
20250913,0,random_forest,0.03276560666730491,0.02550997398919919,0.14876345967740512,True,
20250913,1,mixed_linear,0.03321978579109891,0.027550079930298812,-0.05623152275550103,True,
20250913,1,mixed_hinge18,0.03333558370345877,0.027564330239810933,-0.06360800494246677,True,
20250913,1,ridge,0.03088551009273061,0.02520961666926978,0.08699106853771921,True,
20250913,1,random_forest,0.030237668998465098,0.024189994595436116,0.12489112846011952,True,
20250913,2,mixed_linear,0.03413139824159948,0.027633817129898458,-0.01454789137229029,True,
20250913,2,mixed_hinge18,0.034124987199010734,0.027668673700970838,-0.01416679366113982,True,
20250913,2,ridge,0.03320784102325268,0.027302989098275176,0.03961432217398109,True,
20250913,2,random_forest,0.03267964585943222,0.026754448477178543,0.06992263460703174,True,
20250913,3,mixed_linear,0.02897556600836641,0.022622588668079154,-0.011050721122755292,True,
20250913,3,mixed_hinge18,0.028918295571987003,0.022672117171770548,-0.0070579713140579425,True,
20250913,3,ridge,0.028770818030646215,0.022702779244860517,0.0031874268650492477,True,
20250913,3,random_forest,0.02927210029152495,0.0221009264326241,-0.03185068244657452,True,
20250913,4,mixed_linear,0.03648294863324088,0.029867347471885144,-0.08561427946109568,True,
20250913,4,mixed_hinge18,0.036637681620969254,0.029867295626958376,-0.09484251181983416,True,
20250913,4,ridge,0.03501131483854153,0.02901937657588287,0.0002013974554391229,True,
20250913,4,random_forest,0.031754990202351,0.025561950004533672,0.17753078778402143,True,
20250914,0,mixed_linear,0.0286568768375715,0.023565858468924054,-0.07263511691747149,True,
20250914,0,mixed_hinge18,0.028775956326836414,0.023599055654084575,-0.08156799693370642,True,
20250914,0,ridge,0.02906700171460553,0.023424755133376024,-0.1035569986177256,True,
20250914,0,random_forest,0.025912297269300055,0.020523353918965984,0.12298679703150384,True,
20250914,1,mixed_linear,0.031661092028408756,0.02694805152594477,-0.0330585267315211,True,
20250914,1,mixed_hinge18,0.03215966900548723,0.0271243955935077,-0.06585048443927133,True,
20250914,1,ridge,0.030432461405020914,0.025703865843236116,0.04556291368588694,True,
20250914,1,random_forest,0.028511094541163882,0.02347369636694853,0.16227605962476443,True,
20250914,2,mixed_linear,0.03667086566100372,0.02901400986330381,-0.018412515106207783,True,
20250914,2,mixed_hinge18,0.03657997232074933,0.029078382475775228,-0.013370245487902999,True,
20250914,2,ridge,0.035196237819809816,0.027241662831144348,0.06184652735724927,True,
20250914,2,random_forest,0.033683830711888255,0.025494244603944706,0.14074047429967995,True,
20250914,3,mixed_linear,0.034253429485141956,0.028598410226026362,-0.13318484960761823,True,
20250914,3,mixed_hinge18,0.03454470523781856,0.028834266689680945,-0.15253897882944356,True,
20250914,3,ridge,0.03227960357201406,0.027538731768630857,-0.006349938759957041,True,
20250914,3,random_forest,0.03029353010305665,0.02574654524081259,0.11367620537455891,True,
20250914,4,mixed_linear,0.0369490956660439,0.028194665583657578,0.02465651064457497,True,
20250914,4,mixed_hinge18,0.03679730166409401,0.027951966594540502,0.0326538473723349,True,
20250914,4,ridge,0.03542660419100151,0.027478896471051062,0.10337878055679983,True,
20250914,4,random_forest,0.03553672038376615,0.026741180789666277,0.09779619865339073,True,
20250915,0,mixed_linear,0.034269895998563504,0.027599884178976467,0.06300271079430186,True,
20250915,0,mixed_hinge18,0.03422097169541738,0.02747945836798468,0.0656761485572126,True,
20250915,0,ridge,0.034856628403888555,0.028498815786360092,0.030643527038183294,True,
20250915,0,random_forest,0.034070438709978834,0.027486002893305626,0.07387797393400497,True,
20250915,1,mixed_linear,0.03766430992977767,0.029216411586615875,0.0375800551303862,True,
20250915,1,mixed_hinge18,0.03760989380302075,0.029117531691329426,0.0403589900830027,True,
20250915,1,ridge,0.03713317362814949,0.029230402488512715,0.06453246218311803,True,
20250915,1,random_forest,0.03659026210423231,0.027420900700059803,0.09168679967777016,True,
20250915,2,mixed_linear,0.030023756637751853,0.025047772870405532,-0.10288326127453362,True,
20250915,2,mixed_hinge18,0.030166943894579912,0.025040177977631008,-0.11342793751600144,True,
20250915,2,ridge,0.028849284519129437,0.02439722141315793,-0.0182855400617008,True,
20250915,2,random_forest,0.026395047879281625,0.02172667756432642,0.14759813495024943,True,
20250915,3,mixed_linear,0.03631311509151326,0.029622796057605528,-0.29320869614922085,True,
20250915,3,mixed_hinge18,0.03646648949507783,0.029787014672536288,-0.30415592463838315,True,
20250915,3,ridge,0.03337134521508797,0.026866306407504918,-0.09216695286496757,True,
20250915,3,random_forest,0.030737744797034446,0.024571168090253347,0.07341427508086884,True,
20250915,4,mixed_linear,0.031414834577954874,0.026184136048338445,-0.14750167603556896,True,
20250915,4,mixed_hinge18,0.031844375779368016,0.026459965534292532,-0.17909624015265435,True,
20250915,4,ridge,0.028915505987354543,0.023364842901514585,0.02782294479878522,True,
20250915,4,random_forest,0.027250676937932962,0.022275469291134702,0.13654767270312662,True,
20250916,0,mixed_linear,0.03415906631226206,0.02797350527312377,-0.07219566739324557,True,
20250916,0,mixed_hinge18,0.0342529090739814,0.027949100527969988,-0.07809489260389935,True,
20250916,0,ridge,0.0319602766740165,0.025990754642811358,0.061394433032099904,True,
20250916,0,random_forest,0.031233746360457174,0.025086930786379608,0.10358271196552904,True,
20250916,1,mixed_linear,0.03269368926394025,0.027226870632267513,-0.05323083231501924,True,
20250916,1,mixed_hinge18,0.03299120001431281,0.02734775861962915,-0.07248673305284603,True,
20250916,1,ridge,0.032126901845315844,0.028069075939258278,-0.017029138450836978,True,
20250916,1,random_forest,0.029158596789535546,0.024664483018929508,0.16222201493645327,True,
20250916,2,mixed_linear,0.03210867879967636,0.02488009676809448,-0.11545800759975622,True,
20250916,2,mixed_hinge18,0.03211527875496638,0.024997554179891295,-0.11591662065279618,True,
20250916,2,ridge,0.0314444025130235,0.023482672322471358,-0.0697814132739294,True,
20250916,2,random_forest,0.028873937763073648,0.02148702728126312,0.09797123679403763,True,
20250916,3,mixed_linear,0.036581701053710766,0.02896919009169946,0.054291118940558825,True,
20250916,3,mixed_hinge18,0.0367701213229051,0.02907933711629148,0.044523961175700455,True,
20250916,3,ridge,0.036288146195582405,0.029376765851916332,0.06940816046249354,True,
20250916,3,random_forest,0.0358747571813998,0.02817265613824584,0.09048971362615144,True,
20250916,4,mixed_linear,0.03355637904509571,0.027777424653787814,-0.057696673198193826,True,
20250916,4,mixed_hinge18,0.03348802004817818,0.027678434693400603,-0.05339171301029877,True,
20250916,4,ridge,0.031089115260818756,0.0253055778420132,0.09212160447468032,True,
20250916,4,random_forest,0.028945469933154184,0.023154711047194562,0.21300465231671228,True,
20250917,0,mixed_linear,0.03126801511460104,0.02588854286519092,-0.03707210668112526,True,
20250917,0,mixed_hinge18,0.03171587773919551,0.02603236034317285,-0.06699355749916092,True,
20250917,0,ridge,0.029323381352001153,0.024425632722750938,0.08791266773579998,True,
20250917,0,random_forest,0.028365678445710658,0.022855200628906506,0.1465173874821485,True,
20250917,1,mixed_linear,0.036420651482352434,0.02921654261232629,-0.032037583077633824,True,
20250917,1,mixed_hinge18,0.036654095085640416,0.029404312329938828,-0.04530998084554794,True,
20250917,1,ridge,0.035615798919391074,0.02804549288945998,0.01307199126039682,True,
20250917,1,random_forest,0.0347109796245702,0.026509869777989584,0.06258082206174786,True,
20250917,2,mixed_linear,0.03239146092438695,0.026878352611817338,-0.40317647815061,True,
20250917,2,mixed_hinge18,0.03250186694482644,0.026968444347799964,-0.4127582102967773,True,
20250917,2,ridge,0.02902016843630793,0.024576172208951447,-0.12629221267163304,True,
20250917,2,random_forest,0.025865188686664882,0.02219465465965111,0.10528951745506976,True,
20250917,3,mixed_linear,0.03455345426904318,0.02654364386082377,0.0766471146614418,True,
20250917,3,mixed_hinge18,0.03447689131592378,0.026426983685447065,0.08073448035020081,True,
20250917,3,ridge,0.03464594645602727,0.02674274685557172,0.07169726335462512,True,
20250917,3,random_forest,0.03459857778251903,0.026368621426201458,0.07423391850174343,True,
20250917,4,mixed_linear,0.03480454529905868,0.028723373928018863,0.011227047720766992,True,
20250917,4,mixed_hinge18,0.0347125512894095,0.028659589907671652,0.016447111664057545,True,
20250917,4,ridge,0.03416681519649451,0.027868287852336623,0.04713001632252023,True,
20250917,4,random_forest,0.03214712137200624,0.025242170298567092,0.1564538861266791,True,
20250918,0,mixed_linear,0.03013293925503224,0.024116165237609084,0.0019224372875599194,True,
20250918,0,mixed_hinge18,0.03028586373367684,0.02432520536115125,-0.008233743563169416,True,
20250918,0,ridge,0.03077059629239146,0.02522826794439002,-0.040766069350382184,True,
20250918,0,random_forest,0.029167232412297486,0.023725770823309775,0.06487052766144508,True,
20250918,1,mixed_linear,0.03259770375054317,0.02670443551948267,-0.012645166195226043,True,
20250918,1,mixed_hinge18,0.032764750577880336,0.02667406790046434,-0.023050352481883474,True,
20250918,1,ridge,0.030756681304270898,0.02476833828049784,0.09850728393393893,True,
20250918,1,random_forest,0.027822354280181802,0.0223813686471946,0.2623148689382294,True,
20250918,2,mixed_linear,0.03339166083136122,0.027190356252091413,-0.19678985343108435,True,
20250918,2,mixed_hinge18,0.03340150804586272,0.02705916649271311,-0.19749582515061026,True,
20250918,2,ridge,0.032763071931963594,0.026715286224283544,-0.15215547571985844,True,
20250918,2,random_forest,0.03007198890567577,0.024208554834742883,0.029342169344719338,True,
20250918,3,mixed_linear,0.035069754595381364,0.029442004819915397,-0.11871809095615404,True,
20250918,3,mixed_hinge18,0.035135532552222,0.029316780061215693,-0.12291863368669187,True,
20250918,3,ridge,0.0323843843689412,0.026338138604098244,0.046048053726557514,True,
20250918,3,random_forest,0.030674787239480333,0.02382724644217436,0.14410926391250733,True,
20250918,4,mixed_linear,0.03852576720137766,0.030120123631030556,-0.021017718384830353,True,
20250918,4,mixed_hinge18,0.03861027938409188,0.030302300231224964,-0.02550214975162657,True,
20250918,4,ridge,0.03672259152124487,0.029296939387859714,0.0723218438723583,True,
20250918,4,random_forest,0.03729976867297506,0.028939216305039248,0.04293163004226919,True,
20250919,0,mixed_linear,0.03554420607764686,0.028684722107559464,0.002799758794122198,True,
20250919,0,mixed_hinge18,0.03556389093028868,0.028747681876283987,0.0016949275108057993,True,
20250919,0,ridge,0.03515585056778688,0.02841309187272105,0.024471508259559238,True,
20250919,0,random_forest,0.033287890890643344,0.02633054371968321,0.12538424345141397,True,
20250919,1,mixed_linear,0.03329826622193054,0.027096114626025656,-0.11443466616452724,True,
20250919,1,mixed_hinge18,0.03346012890027814,0.0271583719204377,-0.12529552029096558,True,
20250919,1,ridge,0.031132153215938558,0.025891964821249544,0.025841355091353102,True,
20250919,1,random_forest,0.029954046986812408,0.02384042170666309,0.09817476419837945,True,
20250919,2,mixed_linear,0.031720690257259064,0.025675562426419146,-0.013641820607025457,True,
20250919,2,mixed_hinge18,0.03174779622239913,0.025610187607650974,-0.015374915247524212,True,
20250919,2,ridge,0.031841756043409816,0.02548816996616454,-0.021393954974676888,True,
20250919,2,random_forest,0.029843323430253085,0.02306168739173796,0.1027909756322225,True,
20250919,3,mixed_linear,0.035453301153907775,0.028078407902298853,-0.0042380251759004395,True,
20250919,3,mixed_hinge18,0.035423870628388344,0.028123533889487327,-0.0025714392925129115,True,
20250919,3,ridge,0.034503220540296746,0.02736777588682305,0.04886410786946649,True,
20250919,3,random_forest,0.033455548454389354,0.026404522419614575,0.10574863843959836,True,
20250919,4,mixed_linear,0.032852184007472106,0.02698679853062219,-0.10274640696771487,True,
20250919,4,mixed_hinge18,0.03319574454826169,0.02709588000952131,-0.1259315424070726,True,
20250919,4,ridge,0.029876625268031528,0.02422261342395744,0.08796766097955566,True,
20250919,4,random_forest,0.028091065285734285,0.022367948616742274,0.1937242902733377,True,
20250920,0,mixed_linear,0.034796572887603,0.027076277304130356,-0.1379953805773062,True,
20250920,0,mixed_hinge18,0.03502668858968156,0.027245078479967214,-0.15309666681136846,True,
20250920,0,ridge,0.032257698208982145,0.024603500059913255,0.022010249543540028,True,
20250920,0,random_forest,0.03156925714374158,0.0230233095696353,0.06330914633797613,True,
20250920,1,mixed_linear,0.03308100212327913,0.027687647620907693,-0.011914869390911687,True,
20250920,1,mixed_hinge18,0.03318400143963553,0.027757917673075703,-0.018225971852741774,True,
20250920,1,ridge,0.031472957969696055,0.02613135543407861,0.08407104845620184,True,
20250920,1,random_forest,0.030306487515432183,0.024651905037753403,0.1507063568637338,True,
20250920,2,mixed_linear,0.034238030827698274,0.028008134270140737,0.048754084244767015,True,
20250920,2,mixed_hinge18,0.03416702204933171,0.02790670922783329,0.05269571077034263,True,
20250920,2,ridge,0.033612356721005515,0.027623796676555533,0.08320301627658222,True,
20250920,2,random_forest,0.03214921783632464,0.025403854855693287,0.16128179350919714,True,
20250920,3,mixed_linear,0.030463759807549395,0.02530457513485154,-0.13214999035703712,True,
20250920,3,mixed_hinge18,0.030707725052115088,0.02536965301609822,-0.15035596550827157,True,
20250920,3,ridge,0.030029351847098193,0.02567568643418177,-0.1000916775938463,True,
20250920,3,random_forest,0.0273546568424386,0.02311398797672221,0.08714982272893423,True,
20250920,4,mixed_linear,0.03571836290029224,0.028373741590612008,0.03286976509116635,True,
20250920,4,mixed_hinge18,0.03578766230308256,0.02839255426669137,0.029113346343208057,True,
20250920,4,ridge,0.03472156306035007,0.027154782540205785,0.08609636447013924,True,
20250920,4,random_forest,0.032877580253128674,0.025939752279617315,0.18058942802429911,True,
20250921,0,mixed_linear,0.035854007504665296,0.030405557421737377,-0.015156872535857291,True,
20250921,0,mixed_hinge18,0.03576803229434989,0.030276138892606802,-0.010294170246216927,True,
20250921,0,ridge,0.03395195807393997,0.028774177312472803,0.08969400921209048,True,
20250921,0,random_forest,0.03196368526051438,0.026739889744983602,0.19318968827025473,True,
20250921,1,mixed_linear,0.03403109341235773,0.027290731091442064,-0.0483951929802513,True,
20250921,1,mixed_hinge18,0.03427321053361908,0.027455308873136675,-0.06336605426503272,True,
20250921,1,ridge,0.03287522212634544,0.026747169522889268,0.02161315093904026,True,
20250921,1,random_forest,0.031059747214999225,0.024160558688724625,0.12668876280824237,True,
20250921,2,mixed_linear,0.03331272756425538,0.02531921867576346,0.014600012666565743,True,
20250921,2,mixed_hinge18,0.03341810660222547,0.025275440844472037,0.008355868100880848,True,
20250921,2,ridge,0.033107969631143055,0.025447739002993946,0.026676380509948694,True,
20250921,2,random_forest,0.032213498603081536,0.02393330176639609,0.07855810251271877,True,
20250921,3,mixed_linear,0.03439706482239418,0.02811071941497079,-0.24837958290285345,True,
20250921,3,mixed_hinge18,0.03458989919684803,0.02841986289362923,-0.2624159711979135,True,
20250921,3,ridge,0.031071656477291747,0.025523708553296005,-0.018668087821298807,True,
20250921,3,random_forest,0.029642418593787877,0.023765761770505,0.07289022684937185,True,
20250921,4,mixed_linear,0.03155365201816759,0.02599569286247324,-0.009833975623958269,True,
20250921,4,mixed_hinge18,0.031693706938102154,0.02584676483675499,-0.01881842528527189,True,
20250921,4,ridge,0.031741413761435175,0.025890184187102806,-0.021887878262141447,True,
20250921,4,random_forest,0.031145199710605486,0.024857450725053517,0.01614079111058253,True,
20250922,0,mixed_linear,0.03268764397975105,0.02687664187287977,0.02615646757804846,True,
20250922,0,mixed_hinge18,0.03285191728349306,0.02690032279435124,0.016343678425996155,True,
20250922,0,ridge,0.031186199302916256,0.02545648396827158,0.11356510071444714,True,
20250922,0,random_forest,0.03134057381287594,0.024689140231666865,0.1047675140409633,True,
20250922,1,mixed_linear,0.034015813162013825,0.027719005886875068,-0.07376899531415049,True,
20250922,1,mixed_hinge18,0.03426223988016841,0.027790601104986084,-0.08938313523420449,True,
20250922,1,ridge,0.03215009410843905,0.026682469154273088,0.04079012329301901,True,
20250922,1,random_forest,0.03068063602102527,0.02498961116114938,0.1264699254162135,True,
20250922,2,mixed_linear,0.03378408133098968,0.02782384177717281,-0.08080989173299091,True,
20250922,2,mixed_hinge18,0.03396209656346325,0.027943717604732066,-0.0922299165287701,True,
20250922,2,ridge,0.03310852804515249,0.026422081865720006,-0.03801786747974267,True,
20250922,2,random_forest,0.03025103086041183,0.023810835779305678,0.1334264279832179,True,
20250922,3,mixed_linear,0.03238785945695357,0.026774971460358864,0.01739555357997713,True,
20250922,3,mixed_hinge18,0.03224994242363371,0.026604766920280083,0.025746173529751726,True,
20250922,3,ridge,0.03087424574804318,0.02553620871879585,0.10709152248663789,True,
20250922,3,random_forest,0.029677262230849228,0.023459279704211897,0.17498489252208793,True,
20250922,4,mixed_linear,0.035930303130497464,0.027346248701429487,-0.07527162985385405,True,
20250922,4,mixed_hinge18,0.03604323638639872,0.027521560418997486,-0.0820416683029841,True,
20250922,4,ridge,0.03404277892618495,0.02623042746673399,0.034735278120533675,True,
20250922,4,random_forest,0.03260718807364963,0.024561078113637808,0.11442953881959339,True,
20250923,0,mixed_linear,0.03392665263015411,0.02780134101062794,-0.015081498324604814,True,
20250923,0,mixed_hinge18,0.03389192927417348,0.027689970082781977,-0.013004724100717624,True,
20250923,0,ridge,0.032312225965662716,0.026633656714376053,0.07922685916318584,True,
20250923,0,random_forest,0.03074189795656202,0.024652290620959763,0.16654867552024022,True,
20250923,1,mixed_linear,0.03657800710417858,0.029353542815996683,-0.0017589936058386435,True,
20250923,1,mixed_hinge18,0.03672443854778593,0.029400002621943904,-0.00979566070137694,True,
20250923,1,ridge,0.03446016583095392,0.027662751806086818,0.11088508347740622,True,
20250923,1,random_forest,0.0332492305161849,0.02620594787267136,0.1722744365858616,True,
20250923,2,mixed_linear,0.03640701892645619,0.029246919591609407,-0.04220759766410698,True,
20250923,2,mixed_hinge18,0.03651600018384019,0.02938338921031359,-0.04845645271384269,True,
20250923,2,ridge,0.03473530884780933,0.027266444024693665,0.05130562580508258,True,
20250923,2,random_forest,0.033379667475521936,0.02493450108524068,0.12391144338026538,True,
20250923,3,mixed_linear,0.03046739634143604,0.02510773768672437,-0.1452930068111371,True,
20250923,3,mixed_hinge18,0.03080350871388494,0.02531651806183409,-0.17070183983990272,True,
20250923,3,ridge,0.028294032933475308,0.02348527867788846,0.012275937738615794,True,
20250923,3,random_forest,0.026319618062330328,0.021468195373847223,0.14531695244494236,True,
20250923,4,mixed_linear,0.031222832051096088,0.025485865474621304,-0.0880673195045849,True,
20250923,4,mixed_hinge18,0.03122979462468109,0.025429888714407545,-0.08855264341413704,True,
20250923,4,ridge,0.03262433262823372,0.026870636705089584,-0.1879398553718734,True,
20250923,4,random_forest,0.029629274387402076,0.023899694785511155,0.02016440538466413,True,
