target,variant,model,n_features,seeds,roc_auc_w_mean,roc_auc_w_sd,roc_auc_w_q025,roc_auc_w_q975,pr_auc_w_mean,pr_auc_w_sd,pr_auc_w_q025,pr_auc_w_q975,precision_w_mean,precision_w_sd,precision_w_q025,precision_w_q975,recall_w_mean,recall_w_sd,recall_w_q025,recall_w_q975,specificity_w_mean,specificity_w_sd,specificity_w_q025,specificity_w_q975,f1_w_mean,f1_w_sd,f1_w_q025,f1_w_q975,balanced_accuracy_w_mean,balanced_accuracy_w_sd,balanced_accuracy_w_q025,balanced_accuracy_w_q975,mcc_w_mean,mcc_w_sd,mcc_w_q025,mcc_w_q975,accuracy_w_mean,accuracy_w_sd,accuracy_w_q025,accuracy_w_q975,precision_raw_mean,precision_raw_sd,precision_raw_q025,precision_raw_q975,recall_raw_mean,recall_raw_sd,recall_raw_q025,recall_raw_q975,f1_raw_mean,f1_raw_sd,f1_raw_q025,f1_raw_q975,accuracy_raw_mean,accuracy_raw_sd,accuracy_raw_q025,accuracy_raw_q975,predicted_positive_mean,predicted_positive_sd,predicted_positive_q025,predicted_positive_q975,mean_threshold_mean,mean_threshold_sd,mean_threshold_q025,mean_threshold_q975,selection_score
ANY,z_only,elastic,9,10,0.4854153342221603,0.03228478825859345,0.4292432186469242,0.5280775053741328,0.12297624347431282,0.010742558221436216,0.11234729450210251,0.14078695805486494,0.11151812342822834,0.007663257352821564,0.09719958695157481,0.11963162628591922,0.7424901185770754,0.15786392257663226,0.5290266798418974,0.9791749011857707,0.23182572209211583,0.15547136617014368,0.03015131001170979,0.487359118852459,0.19296363699999472,0.013265655475343032,0.1694456732380554,0.20696677160751434,0.4871579203345955,0.028616160468456775,0.4313589244758645,0.5122597902670877,-0.019530939181700506,0.04670637225953277,-0.10950963060403124,0.019877902372376795,0.29041896123528776,0.12090096541656847,0.1390415451895044,0.4924461451247167,0.10620422980811628,0.007404480761044294,0.09255538575252707,0.11307991776741777,0.7313432835820894,0.16455557620439032,0.5078358208955224,0.9783582089552239,0.1845588907437623,0.013613199213898615,0.1618450509085006,0.20042825945148754,0.288595041322314,0.1233401971199032,0.13557851239669422,0.4936776859504133,461.4,95.24844705645687,307.825,587.075,0.3579708490130438,0.07461392714666663,0.2565831824103852,0.457961632460348,0.20194484747859023
ANY,core,elastic,29,10,0.7839041878748925,0.02012085518848102,0.7478520687204367,0.8125094163027666,0.4353084819316799,0.04805810898415635,0.3657096591467298,0.508728751205107,0.39717944939680316,0.03492668698425611,0.33990815046944745,0.4492415078012229,0.4735177865612651,0.08583109093885291,0.3526432806324112,0.598987154150198,0.9044148858313813,0.02931685776583058,0.8489941634953155,0.935540471311475,0.426428413931061,0.03058303281634304,0.3773543504521864,0.459050025396259,0.6889663361963231,0.030377952811410217,0.6428959871399759,0.7289560431077072,0.3501392135044664,0.031244709585317897,0.304247046156061,0.38473318992932753,0.8549740848720442,0.017603750422233916,0.8203085519922255,0.874009556203434,0.3895057414483018,0.040895462243325804,0.32341764705882353,0.4485730211817168,0.4701492537313433,0.07044677740550398,0.3649253731343283,0.5753731343283582,0.42102291011833737,0.02515423838518696,0.3849134328358209,0.4549217267552182,0.8570247933884299,0.019761880368552014,0.8186363636363636,0.8776859504132232,82.5,20.172864061517007,59.575,119.825,0.6570796346180607,0.05027624706591745,0.5657424477432393,0.7216181393382652,0.46231350392014325
ANY,engineered,elastic,64,10,0.7429950493569748,0.022906437384124227,0.7036314688764587,0.7758058916357055,0.3869932671288845,0.043829060505194396,0.33501114483324934,0.45614387902857123,0.3735145710734931,0.05858321302785855,0.275321793314572,0.45706512592507587,0.4676877470355734,0.07591787188732974,0.3516551383399211,0.5891057312252969,0.8950545228337232,0.03269609217387329,0.8267216774004676,0.925042996194379,0.4116999301409316,0.053186156463657104,0.33739276491337294,0.47706463436787166,0.6813711349346482,0.0349285702962307,0.6296455397495855,0.7321233061864184,0.330099661810077,0.06171861291128381,0.24335399327004006,0.4065045268548447,0.8460187884677681,0.026745803090045952,0.7920031584062197,0.8742930029154519,0.36161685560772777,0.050071210974154186,0.27836287313432834,0.43213028169014084,0.453731343283582,0.06645097654552835,0.3649253731343283,0.5686567164179105,0.3986516521658904,0.040284817119776044,0.34792342634652823,0.4473409481699828,0.8477685950413223,0.025469209757575648,0.7953719008264463,0.8732644628099173,85.9,20.626035327549825,71.0,128.60000000000002,0.6599200831751355,0.046460422385189395,0.5771650009272924,0.7115559455505118,0.43710271773790577
ANY,longitudinal,elastic,157,10,0.7033821033333797,0.011576814101492151,0.6835325245967692,0.7193365189001982,0.3084854550369106,0.02409504197340795,0.28061059563115875,0.3475541317794239,0.2611465224509079,0.03560635040564685,0.21954214896050012,0.3171775520661118,0.4503952569169963,0.07537251052823214,0.3358942687747037,0.5847826086956526,0.8277956674473061,0.05550631710398615,0.7299125439110067,0.9018881733021074,0.325154039201901,0.018864947142265498,0.306545677217355,0.35518865332284055,0.6390954621821512,0.015541652552002789,0.6188706377538621,0.6612309586990653,0.22402263325203803,0.02383700746003395,0.1974596844378651,0.25876427166609384,0.784493035309362,0.04120000305212502,0.7132604470359574,0.8382729996760612,0.25727286041706876,0.035400847874605935,0.21429425837320573,0.3236889567147614,0.4522388059701492,0.0727967978545539,0.35335820895522385,0.5802238805970149,0.32233233228548375,0.009384921821636248,0.3125121045125623,0.33950760008563474,0.7882644628099174,0.04086394072810524,0.7171074380165289,0.8443388429752067,121.7,34.41592008875479,74.525,181.9,0.5750084470876443,0.07014872387672233,0.4646337083907518,0.6834062484785086,0.35128634792002567
ANY,no_maternal,elastic,149,10,0.6863995750014271,0.01979078463578966,0.6470027385501134,0.7111126171671307,0.32003643299438894,0.031163497547477326,0.2792133126557864,0.3550122893219636,0.2905538811369229,0.06906217464496618,0.20104533962657511,0.3929141181822777,0.4002964426877472,0.06126916059836585,0.3034090909090911,0.4849308300395259,0.8597689793130362,0.06103242401895001,0.7691974958528487,0.9335585297131143,0.3272345495543262,0.036773629474617466,0.2745005676324372,0.39032771388262244,0.6300327110003916,0.019295963238347234,0.6025723862681774,0.6631919952013192,0.2302678073196624,0.05014332281127977,0.15520800186666694,0.3116301609723375,0.8070494547025161,0.04858228124282208,0.7342226811359466,0.8638832199546487,0.2831063019936707,0.06691780672183358,0.20123287671232878,0.38571428571428573,0.3955223880597015,0.05897149050313283,0.3167910447761194,0.45932835820895523,0.32061458120497466,0.03244302473760867,0.2776659959758552,0.37041586243200564,0.8104132231404959,0.047145603407734334,0.7419834710743801,0.8668181818181818,100.7,35.34921026934925,57.125,149.1,0.6342071027408202,0.09753087566255891,0.49375618011970224,0.7710659544958605,0.3500447854851107
ANY,no_qc,elastic,87,10,0.6750827712599086,0.023943959795420057,0.6390708485693635,0.7073164893967069,0.2967526145202481,0.03463539665035914,0.24388225574058006,0.36011530706014283,0.251577775893601,0.051588031008919046,0.18053461478396257,0.3462362288135595,0.3689723320158104,0.07040154587911435,0.2702569169960476,0.4729001976284588,0.847151273419203,0.062413670814037044,0.7448738473360651,0.917203509221311,0.29196015973747824,0.03265582409183656,0.2524395059831831,0.3453980371560985,0.6080618027175068,0.0209905285209757,0.5819331236881656,0.6394281149985303,0.18668250119175073,0.04349676601028695,0.12539297855973597,0.2593494310937092,0.7922853903466149,0.048969100453138355,0.7099773242630386,0.8497534013605443,0.24253359980671915,0.049562804936703495,0.17849605971054025,0.33701562500000004,0.3626865671641791,0.07279679785455392,0.2720149253731343,0.45932835820895523,0.28346430515855936,0.03130701465934895,0.24989254108723136,0.34219728481967365,0.7950413223140496,0.0479117139444841,0.7177272727272728,0.8524380165289256,105.6,37.20573432505622,66.025,164.425,0.65082781339027,0.06508778326734227,0.5664153543450025,0.7440006031833204,0.3134714651665439
T13,z_only,extra_trees,9,10,0.36742894305971385,0.02999897383600987,0.3268733133810076,0.4145393228393242,0.03359022290850463,0.002705047547350311,0.030438884045014467,0.03821962726614356,0.03468590406674578,0.003465427860539737,0.029528386693004713,0.03973011207454269,0.5829729729729728,0.1680707836861285,0.3445270270270269,0.7567567567567566,0.2966390532544383,0.17267724622502723,0.08839644970414255,0.504293322062553,0.0652807073813265,0.007019385909772199,0.05439148626480437,0.07486211296965803,0.4398060131137056,0.023566990130659472,0.41589102373717785,0.48330141532064624,-0.061928933665796645,0.032310291548780144,-0.11251766150021104,-0.013846477145168646,0.3086507936507937,0.1586617615038797,0.11608681567865244,0.4975911078717201,0.03528655609335525,0.003427479756712359,0.028490941228457797,0.03952192925205587,0.6565217391304348,0.19384565887968355,0.3673913043478261,0.8695652173913043,0.06677886711879648,0.006925925292402708,0.05287859287859288,0.07416640996878941,0.3115702479338843,0.1631435567512059,0.11173553719008264,0.5005785123966943,423.7,107.38513242840774,296.05,554.4,0.13112865534223667,0.11306278693830435,0.005653938418208248,0.2939232953329264,0.06688488319473392
T13,core,extra_trees,29,10,0.8231436697052086,0.014539806449362258,0.7941833655083661,0.8362800792762334,0.2299883809835454,0.03031821295327951,0.1969619484545631,0.2811006770609256,0.23652517801218242,0.04761921306371181,0.16640657156954844,0.31761706238050663,0.4762162162162161,0.07894894323764592,0.3808783783783783,0.6083108108108106,0.9295519864750631,0.021205854455791272,0.8925342349957728,0.9578613693998309,0.3119742810066513,0.04383696777936691,0.23701507306125755,0.37442532205189294,0.7028841013456396,0.034805202650122276,0.650244299878915,0.7590941205364279,0.2918539885105407,0.046482817794724435,0.2075732654991194,0.3534956907465522,0.9105344995140914,0.018705327482021247,0.8775044541626176,0.9364686588921284,0.19851934174153038,0.033329551843121565,0.1467142857142857,0.2507142857142857,0.4217391304347826,0.07951227086576927,0.3141304347826087,0.5554347826086956,0.2666705872572453,0.03311615494189296,0.205796485260771,0.3093407707910751,0.9112396694214876,0.016657899021174583,0.8828925619834711,0.9331404958677686,50.1,12.591443302673623,35.0,72.075,0.25038392084132294,0.030413854097722542,0.1992799694824601,0.2878641126060971,0.32401387716016417
T13,engineered,extra_trees,64,10,0.8073571032571035,0.01199746266437768,0.7916080845003924,0.8271568892645819,0.18379777233100386,0.025852563379697314,0.1514658631298549,0.22646760276660677,0.1714099546791789,0.039149709082910676,0.10092473624131466,0.2281878010374905,0.4262162162162161,0.17713668290746123,0.1533783783783783,0.6477027027027026,0.9063601014370241,0.04336180080521109,0.8425240912933215,0.9651513102282332,0.23352852905586446,0.04745994137269532,0.13353862433647576,0.27231542166332673,0.6662881588266201,0.06922765185988684,0.5495251993328915,0.7541277672431514,0.21478418829122004,0.0609016974213796,0.09044997876102671,0.2776561631352721,0.8862180110139295,0.034854380621610274,0.8332090217039199,0.9343456430191125,0.14929810059447357,0.04495298071908955,0.08625,0.23519736842105265,0.3826086956521739,0.16371039126310655,0.15,0.6086956521739131,0.2037644785020074,0.04249759607336938,0.11566998892580288,0.2410212335692619,0.888595041322314,0.03506487764517956,0.8356611570247934,0.9402479338842975,62.0,28.015868519267592,24.05,102.875,0.2069919514334347,0.05260964283992639,0.13895971634763976,0.29616684818560357,0.24004332094579103
T13,longitudinal,extra_trees,157,10,0.8279022267406886,0.027718103274707844,0.7786126405991795,0.8544453439491903,0.20977727336248236,0.041678267202982885,0.15028768952637248,0.28287816831413065,0.21184121207205506,0.04949284481167858,0.13964232304389523,0.2891850536496901,0.4116216216216215,0.14746759860587855,0.2199324324324324,0.6458108108108106,0.9287151310228229,0.03416624338963112,0.8740169061707517,0.9641572273879966,0.27011821392637664,0.05585899009428107,0.18699980205896027,0.34917249177631565,0.6701683763222224,0.06209779684157643,0.58714394233625,0.7687382456420915,0.24696952971782066,0.06491988503595411,0.1515934446994557,0.3371636021307571,0.9070229996760609,0.028437874335239886,0.8575898931000973,0.9362872529964368,0.20735761939365097,0.041704057850806296,0.1429609634551495,0.25,0.42608695652173917,0.11915828864402588,0.27065217391304347,0.5989130434782609,0.26993933698263434,0.038328814527379046,0.20716840304773754,0.3174139492753623,0.9110743801652893,0.029110520144955073,0.8609917355371901,0.9388429752066115,50.4,22.16202959016966,28.0,85.55,0.1876461665681919,0.039179998715524834,0.13032641311926052,0.25169609073311644,0.27713119373905465
T13,no_maternal,extra_trees,149,10,0.846196544896545,0.02736773560977533,0.8061411596719292,0.8752908878024264,0.21566809118340272,0.041624632081171016,0.15565194491459383,0.28305920346798713,0.2096401595784144,0.040590804239993845,0.15910391184233086,0.2822988546996278,0.4237837837837836,0.14724039455204502,0.26047297297297295,0.6770270270270269,0.9265849535080302,0.03352936557068765,0.8614636517328818,0.9615600169061707,0.2718880708170155,0.04556097616678121,0.2368166023858394,0.3434913528165495,0.6751843686459068,0.06078308556652567,0.609744094263325,0.7828535388727693,0.24980350286273678,0.05647866443068412,0.2015823586666304,0.3485216955046676,0.905492387431163,0.02733998603230844,0.8520602526724977,0.9349967606090056,0.2135506913014574,0.04387679906898271,0.15095283018867925,0.29468750000000005,0.4521739130434782,0.10884048322039762,0.3141304347826087,0.6423913043478261,0.28277293229884004,0.038138952754103346,0.2335656213704994,0.3536266924564797,0.9110743801652893,0.028037527581704465,0.854504132231405,0.9406611570247934,51.6,21.035419864811086,30.45,93.47500000000001,0.18792252265214432,0.0379705295228838,0.12239449892399797,0.2481955723452098,0.2820646358936605
T13,no_qc,extra_trees,87,10,0.6426100903947067,0.04578174874350135,0.5672051940782723,0.7002095074364313,0.07488824136839349,0.014182949512235933,0.054418976135400365,0.09389018430840806,0.06267783046201789,0.021400542516248743,0.03554294231237931,0.09825270414437431,0.30567567567567566,0.15607415842063826,0.06790540540540538,0.5152027027027026,0.8072380952380949,0.07760315894321064,0.6730517047055505,0.9325342349957731,0.10180552523740198,0.03884851223201769,0.042814403345255596,0.16154024467419545,0.5564568854568852,0.052912761418825574,0.49133102396563916,0.6360515409746175,0.05481561096806529,0.052346288035206225,-0.00980572752635572,0.1378527413842748,0.7861974948709645,0.06927844650511371,0.6653074721952275,0.8968752024619373,0.0539421097031353,0.01747406894874265,0.033525641025641026,0.07760756819054937,0.28695652173913044,0.12995079287802838,0.07282608695652174,0.46847826086956523,0.08897506711479375,0.0313754009004344,0.04210242587601078,0.1299498175182482,0.783801652892562,0.06898194843071694,0.6687603305785124,0.8989669421487604,121.0,46.13747572924495,42.375,197.15000000000003,0.16580457527072387,0.03458347083018999,0.1255672859410671,0.23068206524706847,0.09958222131623691
T18,z_only,elastic,9,10,0.5710063749482548,0.018131946852507116,0.5393380498708666,0.5936017524233111,0.09366008928771989,0.00684994733734219,0.0841929456500053,0.1033300937497026,0.09424939569507787,0.011445515635598098,0.0759998955695055,0.11000089763211822,0.5833815028901735,0.10502741978736539,0.41896676300578045,0.708056358381503,0.5170000234345706,0.10002497783926843,0.37088518232096007,0.6789756749156352,0.16145833580483687,0.017479263069170414,0.1304943914102519,0.18483695054039473,0.5501907631623721,0.03287538711626316,0.4935342876554267,0.5938032721636853,0.05498567190269158,0.035881588569255954,-0.006883579354838466,0.10163352836969906,0.5222081848612461,0.08576817663523457,0.3952839866105172,0.6608661321671526,0.08663297909526838,0.00799559049831274,0.07523272811201723,0.09950715015321757,0.558695652173913,0.10250486025946084,0.40108695652173915,0.6739130434782609,0.1493321356695904,0.01286896038220278,0.12983210543309168,0.17080713411732718,0.515702479338843,0.08230232140108316,0.3963223140495868,0.6493801652892562,298.4,57.96780715765145,203.475,379.675,0.48854035677178614,0.03527737590392386,0.44059940535965897,0.531982168448856,0.16645452896631624
T18,core,elastic,29,10,0.8497432356721308,0.00931430016470346,0.8333826549346841,0.8619350740308925,0.5165637239556158,0.034333859074107645,0.45853470090307474,0.5503095515734697,0.47844216155964003,0.09441661233567199,0.3289192316054293,0.600449695009324,0.45606936416184973,0.044858247338013184,0.4031791907514451,0.5246748554913295,0.9541408886389199,0.019589215762115787,0.9193251722440939,0.9765291057367828,0.46078294810805753,0.04845433220391637,0.38336873587602127,0.5373037856449985,0.7051051264003847,0.02107255037923058,0.6854408327210543,0.7399795684916642,0.41871367745557586,0.056360097453167245,0.3270286065623932,0.5014976886586512,0.9150631681243928,0.017130658632669556,0.8833843537414968,0.9335414642047295,0.44267983367983366,0.09714143987884395,0.2988598901098901,0.5705598455598455,0.4021739130434782,0.04611565964260093,0.34782608695652173,0.4733695652173913,0.4145004169637387,0.04825294020742477,0.3447270800211977,0.49529367469879515,0.9123966942148762,0.017405585673753526,0.8819421487603305,0.9318595041322314,44.0,12.055427546683417,28.45,62.975,0.765875834574058,0.03905236025572802,0.7025690609846146,0.8215975779931608,0.50032573745264
T18,engineered,elastic,64,10,0.8304606215566086,0.010473420611579845,0.8178999545498019,0.8492473777663633,0.47478627800970197,0.054294864136284406,0.3896214894728232,0.539756058262302,0.46099733293965484,0.10561276010892554,0.33241734128962824,0.6230739019883644,0.5173410404624278,0.0912937012753922,0.38638005780346824,0.6603323699421967,0.9409694881889761,0.03096826223642902,0.8976624015748026,0.979834258998875,0.471033159047394,0.02944672602461802,0.422413241693787,0.5139146962912987,0.729155264325702,0.03199311106808591,0.6831071584011715,0.7830982891611993,0.43222246423817945,0.034837812890341255,0.37405168415325835,0.4763960211053688,0.907732426303855,0.022132085454602067,0.8757798833819243,0.933349530288306,0.43159072725126196,0.10824408707467503,0.301321092700403,0.603125,0.4630434782608696,0.09053622144426367,0.3309782608695652,0.603804347826087,0.42858646703477693,0.029601512835578353,0.38119078183263033,0.468974175035868,0.9051239669421488,0.023391009212468374,0.8701652892561983,0.932396694214876,54.0,21.699974398346395,25.575,84.97500000000001,0.7319708276583107,0.07029439178630024,0.6299887440416365,0.8225504754965001,0.5111501053422097
T18,longitudinal,elastic,157,10,0.7893869739819375,0.009244631242372528,0.7794484809250725,0.8071807209493279,0.3789967171610472,0.06962187190392205,0.2849078116106038,0.4920366489763133,0.35703177639004946,0.06362429585442184,0.25589363512709185,0.447028177073796,0.43815028901734115,0.08484353341163813,0.28927023121387285,0.542449421965318,0.9284923368953878,0.031753095527195775,0.8633401293588296,0.9557640255905508,0.38613830013468353,0.05176214798939092,0.2990984812388805,0.46878045622041264,0.6833213129563643,0.033870602274880056,0.6202779551738653,0.7255617655192395,0.33377002996352456,0.05400964800515472,0.24470878064382842,0.4214693762078773,0.8900210560414644,0.025278213143913902,0.8380361192095886,0.9129522999676063,0.33360132857465885,0.0612683634988756,0.22958878504672897,0.4155,0.3978260869565217,0.06954256877687,0.2875,0.4902173913043478,0.3559037877759392,0.043868825741555977,0.2992562542258283,0.428073489010989,0.8892561983471075,0.026515062072762458,0.8335537190082645,0.9103719008264463,57.6,20.473288830951308,37.9,99.80000000000001,0.7126643573251483,0.0868816583202113,0.5605901812088778,0.8206308154478072,0.4110974348534405
T18,no_maternal,elastic,149,10,0.7894959117172315,0.010818191973769134,0.7743805600804824,0.8053342363685982,0.4012286072909602,0.06403594606195522,0.3174602685688446,0.49800556352288644,0.42020719463261563,0.073295141138499,0.32319401619858285,0.5430663886084691,0.44653179190751446,0.07135275662213013,0.3047687861271677,0.5206647398843931,0.9447430399325082,0.018963794565983655,0.916840814820022,0.9717335137795275,0.4264007956318664,0.052175334668359996,0.35533587537612443,0.5164704467877962,0.6956374159200112,0.03168642202345341,0.6367760901951923,0.734489826433139,0.3794539510760343,0.054376804822414464,0.31844565188548135,0.47825966798289654,0.9056543569808877,0.01526479813692204,0.881378360868157,0.9277267573696147,0.3926676773127459,0.07696462249798182,0.2877941176470588,0.5163344594594595,0.4021739130434782,0.058197023203655836,0.29728260869565215,0.4733695652173913,0.3913517417613449,0.04795417534234686,0.3373873873873874,0.4760787335388064,0.9042975206611571,0.016203406192598302,0.8773553719008265,0.9261570247933885,48.9,12.151360234786702,30.025,66.2,0.7471394546493295,0.06133755382108589,0.682285579027947,0.8491242446199239,0.45347982269387244
T18,no_qc,elastic,87,10,0.7232571342351178,0.012553605835708631,0.7070663267180797,0.7452523047747875,0.2849155006734646,0.042741764513037614,0.21621590168196378,0.34493772460806965,0.3130796319983822,0.058183544047417615,0.23155553146194152,0.3990081120943953,0.3841040462427746,0.0583738715705251,0.3063583815028902,0.43641618497109835,0.9255261061117357,0.019232996556031483,0.9056471456692908,0.9559608759842517,0.34113052891353834,0.04440056080740606,0.26774012888471893,0.40766141878204015,0.6548150761772551,0.02736331039829572,0.6127083280842602,0.6874517563635016,0.28213069855161216,0.050099079714758694,0.19817932365218582,0.3548971719550387,0.8830471871288198,0.016689689291329274,0.8620975056689343,0.9056434240362814,0.2734645509970239,0.04260612254618751,0.2201176051318603,0.3455317982456141,0.33043478260869563,0.04784804063541789,0.2440217391304348,0.3695652173913043,0.2953876275417495,0.02942298363350631,0.26105241771637544,0.3498646034816248,0.8800000000000001,0.015781060924503466,0.8609917355371901,0.9021074380165289,57.0,12.409673645990857,35.675,69.0,0.7364698701254804,0.03345659672339013,0.6979384362074883,0.7932623716681545,0.35852193877903327
T21,z_only,lda,9,10,0.33367803877261526,0.023494860650901707,0.3021704709758495,0.3637618086336371,0.018159634500398453,0.0010763009566430665,0.01700391833198564,0.02011664953887341,0.021679213895366947,0.002378140091045529,0.01728029071146602,0.02450289500959467,0.7119047619047618,0.1655099695263027,0.4869047619047618,0.9625,0.22166196559924822,0.1306184414085387,0.021402439024390367,0.39570087384547337,0.04204557706836446,0.00469349676421349,0.03342386858404946,0.04747870828873495,0.4667833637520051,0.035786070788720245,0.402316036170566,0.5110002903600468,-0.024945737277564477,0.02507467422997679,-0.0670884760891262,0.0076241720689072,0.2333344131303315,0.12393449301066656,0.04380952380952381,0.3988786308174064,0.019627271815887068,0.0023222938362823685,0.01518876111954871,0.02220563400964292,0.7153846153846153,0.17027648939368195,0.47884615384615387,0.9653846153846154,0.038180395767035955,0.004582517636319714,0.029474797645327445,0.04316516816516817,0.2315702479338843,0.12443364856904553,0.042314049586776856,0.3981404958677686,470.5,79.27203514200677,365.125,591.5,0.012470000621368146,0.005475143698086784,0.004941263903197691,0.022148699336169867,0.04268816632735093
T21,core,lda,29,10,0.49731432100521394,0.05489415069685059,0.379768488889945,0.5336857026976508,0.1787732451496607,0.05645557790217659,0.05738248027291616,0.20592806544951986,0.03393583073558499,0.013885396996022387,0.023149824138308156,0.06288556229135311,0.4738095238095238,0.26547589389501075,0.16666666666666666,0.8910714285714286,0.5997140644875835,0.29279560846865715,0.08752129307007378,0.9365003318400528,0.05931888965012162,0.016633864306434827,0.043918618287028297,0.0911832919477153,0.5367617941485536,0.038267313401246894,0.4869512886455396,0.5873659504452186,0.027599755118813536,0.031517282952098304,-0.01945477895507526,0.06984771839241706,0.5967163373285824,0.27971586407242005,0.10665343915343917,0.9181709588597344,0.030073173340546655,0.01264592530596507,0.020275333985011405,0.05619612068965518,0.46923076923076934,0.2700232536800158,0.15384615384615385,0.8884615384615385,0.05301126446508464,0.015553145093379177,0.03657687651331719,0.08259447264523408,0.5963636363636364,0.2807061693741854,0.10834710743801652,0.9225619834710744,243.4,176.58690023139692,37.85,549.5500000000001,0.32647212458668723,0.2056201567719051,0.0009110880587746698,0.5164822449793302,0.07303774808847899
T21,engineered,lda,64,10,0.45271154803384944,0.05719267376079779,0.3288072127805849,0.48609526146889415,0.1567383928062739,0.0597721542549203,0.03601830052874885,0.19340252436798347,0.022076791405294508,0.006217770006438707,0.009667272239551246,0.028425669342034013,0.5499999999999999,0.23847852746627796,0.1303571428571428,0.8910714285714287,0.41599966815994704,0.237968034097643,0.04085034013605457,0.738167828106852,0.042221347703899834,0.011905844291575492,0.018172584061495287,0.054312794851420126,0.4829998340799736,0.05013267886578758,0.41088518334162916,0.5506707317073172,-0.01822292403407317,0.039622491384589745,-0.07624409202292448,0.030910420496560734,0.4191901522513768,0.22713899656256836,0.06083859734369938,0.7236961451247167,0.019450489028494312,0.005277487581339095,0.008907759303246238,0.025133711120308173,0.5384615384615385,0.237785089628095,0.12884615384615386,0.8884615384615385,0.03735603425724562,0.010187102995752423,0.016767266970116764,0.04823995936865135,0.4180165289256198,0.2277148383694547,0.06177685950413223,0.7268181818181818,353.1,143.40885607241972,155.625,577.275,0.3100659372360521,0.19726915520905838,2.112737950467276e-07,0.5034403229098486,0.054918725911633354
T21,longitudinal,lda,157,10,0.41574218924891,0.0453804710027399,0.3438532704022385,0.46977021722355355,0.04070020217858968,0.017156986826363144,0.020490779114919304,0.06903144347863718,0.014713488206941511,0.014136421873085,0.0,0.036827568551598605,0.14523809523809522,0.16204864443902348,0.0,0.4333333333333333,0.8251761517615174,0.17252426756638764,0.5275290360046455,0.9962398373983739,0.024788777473113803,0.022183507202449406,0.0,0.050358518835616456,0.4852071234998062,0.028333552565161017,0.42942992644212147,0.5137427409988384,-0.013446647906111182,0.023062666372058407,-0.05298687414999037,0.018965634305516312,0.808987150415722,0.16477712670748515,0.5250311791383221,0.9725198412698414,0.014254144316279135,0.014545383837956977,0.0,0.039391854705558615,0.14615384615384613,0.15992272953346334,0.0,0.426923076923077,0.023850839513874136,0.021993690330071425,0.0,0.05358187134502924,0.811900826446281,0.16691359800955344,0.5218595041322314,0.9753719008264463,104.6,104.84930985837617,1.9,286.925,0.5461952388158056,0.2268382038433923,0.26363010517299945,0.9368605633520383,0.023312920890360418
T21,no_maternal,lda,149,10,0.3870219396314482,0.037056556443726824,0.32880577579463977,0.42971449574797127,0.03535861448919271,0.011864149309378604,0.01958545515306399,0.05142694248523117,0.010882618044816146,0.010154682726785833,0.0,0.024269930873719734,0.11428571428571425,0.12078103098251934,0.0,0.27499999999999997,0.8516647309330233,0.13218504969807937,0.6684765776229187,0.997677119628339,0.019718551149330896,0.018648360507818987,0.0,0.044603153030715,0.48297522260936876,0.018967554221579728,0.44909165698799824,0.5055894308943087,-0.017280928087706166,0.013180053849210352,-0.034496774073595936,0.002338544251222673,0.8341080876795164,0.12628256960547596,0.6584845049130764,0.9739229024943312,0.010117862755369304,0.00944083477303771,0.0,0.023473408385093167,0.11538461538461539,0.12162606385262999,0.0,0.2903846153846154,0.018458571261779574,0.017425470457500182,0.0,0.043435652116138465,0.837190082644628,0.12615335450280238,0.6599173553719008,0.9768595041322314,88.5,79.31267237963931,1.0,198.97500000000002,0.48362731972097855,0.2223926021539141,0.24727635307430237,0.767112682185911,0.01859232247129542
T21,no_qc,lda,87,10,0.3757649176588963,0.02793989983981339,0.3196851832099484,0.40372860487594336,0.020337090341207665,0.0021791759780689576,0.01771266081405888,0.024701927978145046,0.020396123209849598,0.003173838097113914,0.01516831652465661,0.02450229748228014,0.638095238095238,0.15865077379959702,0.40238095238095234,0.8964285714285716,0.2577761185775128,0.11629442611564751,0.049464354847630315,0.37640022675737017,0.0395040679753512,0.0061965982426368865,0.029234294778743196,0.04733734439208988,0.44793567833637554,0.045125029502718815,0.3785449505005258,0.5100719678115151,-0.03953118934850818,0.03057672756234448,-0.08170835315487213,0.006564252238977124,0.2668313357088868,0.11041857768289184,0.06911996544649607,0.3782659809955729,0.018124645082238076,0.002745010423322947,0.013622545565090025,0.021933324082425588,0.6307692307692307,0.15722779196672712,0.40192307692307694,0.8884615384615385,0.035216815648931095,0.0053788728645802995,0.02635174418604651,0.042519068614392655,0.26347107438016526,0.110682657901056,0.07210743801652893,0.37458677685950414,449.0,70.42568975720279,376.925,571.025,0.01889499397641274,0.03390243675213242,3.7814062676763845e-05,0.09152564707532915,0.03998862744881274
