target,variant,model,n_features,roc_auc_w,pr_auc_w,precision_w,recall_w,specificity_w,npv_w,f1_w,balanced_accuracy_w,mcc_w,accuracy_w,brier_w,logloss_w,precision_raw,recall_raw,f1_raw,accuracy_raw,predicted_positive,n,positive,seed,mean_threshold,sd_threshold,mean_inner_f1
T21,z_only,elastic,9,0.3192418508247299,0.01744912518147209,0.020536071476196925,0.5238095238095237,0.3906587025053928,0.9711280676428129,0.03952264853073289,0.4572341131574583,-0.026701703435234477,0.3938289601554908,0.23851308642917965,0.6670846935787383,0.019178082191780823,0.5384615384615384,0.037037037037037035,0.39834710743801655,365,605,13,20260824,0.42448861637261204,0.1409287878570271,0.057654694483472005
T21,z_only,elastic,9,0.33944274573941263,0.018218912042725736,0.021117608836907203,0.619047619047619,0.3001161440185835,0.9699699699699699,0.04084197298146425,0.4595818815331013,-0.026841136176046793,0.3077097505668935,0.2414596687942679,0.6726017206263198,0.018779342723004695,0.6153846153846154,0.03644646924829157,0.30082644628099175,426,605,13,20273171,0.29255038110404036,0.2674230584223067,0.05917444400100645
T21,z_only,elastic,9,0.3512595436935924,0.018305812812093553,0.02407825432656146,0.761904761904762,0.24680603948896684,0.9770114942528736,0.046681254558716516,0.5043554006968645,0.003081003642412143,0.2590702947845805,0.2407287923793281,0.6786165084470679,0.022026431718061675,0.7692307692307693,0.042826552462526764,0.2611570247933884,454,605,13,20285518,0.1506621592800663,0.24277562942885014,0.04868987999387639
T21,z_only,elastic,9,0.38165490741399327,0.0195478549311825,0.021990104452996293,0.7619047619047619,0.1735191637630668,0.9676165803108807,0.04274646005877664,0.46771196283391436,-0.02590674617248513,0.18752834467120183,0.24051891942596543,0.6721094608779294,0.020080321285140562,0.7692307692307693,0.03913894324853229,0.1884297520661157,498,605,13,20297865,0.1953632026672994,0.21316237822395376,0.04965763039465604
T21,z_only,elastic,9,0.33062547899531686,0.017794237907176005,0.021977159452140953,0.761904761904762,0.17302140368342525,0.9675264427537577,0.042722001830943206,0.4674630827940936,-0.026135050257725927,0.18704243602202786,0.23551245016658517,0.6677641740569271,0.0199203187250996,0.7692307692307693,0.038834951456310676,0.18181818181818182,502,605,13,20310212,0.19073617095702966,0.21290746873450722,0.0567537204940695
T21,z_only,elastic,9,0.3983725352316707,0.022569312040038172,0.021840419336051357,0.5952380952380951,0.34978706929926473,0.9725511302475779,0.04213483146067435,0.47251258226868,-0.017559146871086402,0.3556311413454271,0.2467454844328107,0.6937946509494336,0.02040816326530612,0.6153846153846154,0.03950617283950617,0.35702479338842974,392,605,13,20322559,0.2577461718871446,0.2547403254679504,0.048205872764038996
T21,z_only,elastic,9,0.3895308413725552,0.02099208982815874,0.020152003684937927,0.5952380952380951,0.29409324705491996,0.9675218340611352,0.03898418355981308,0.44466567114650757,-0.03693399289706666,0.30126336248785235,0.23557991992241997,0.6622443781755225,0.018604651162790697,0.6153846153846154,0.03611738148984198,0.29421487603305785,430,605,13,20334906,0.418182287569902,0.12152523251120492,0.053955263104627775
T21,z_only,elastic,9,0.38955072543922864,0.020527988196934837,0.01978490259740265,0.3095238095238095,0.6259775454897402,0.973801493615996,0.03719244707228696,0.4677506775067748,-0.020338848387156414,0.618442932728647,0.23413952062529927,0.6596992507796743,0.017857142857142856,0.3076923076923077,0.03375527426160337,0.6214876033057851,224,605,13,20347253,0.503727116454363,0.2728220169572472,0.06772166404408764
T21,z_only,elastic,9,0.3416565929507711,0.01814189964023416,0.018081501074557887,0.5952380952380951,0.21159780985565022,0.9554240335630805,0.03509686735389696,0.40341795254687274,-0.07153865683492817,0.22073210236475543,0.24017306950257405,0.6759065201184351,0.016736401673640166,0.6153846153846154,0.032586558044806514,0.21487603305785125,478,605,13,20359600,0.22038883041367943,0.17904044016116744,0.05026873029679695
T21,z_only,elastic,9,0.3596698454836851,0.018975474241355622,0.02424813031815689,0.9285714285714286,0.08863447818151697,0.980723333945291,0.047262088187940574,0.5086029533764728,0.009248705344127105,0.10863297700032397,0.24221369975862178,0.6775532705062212,0.021897810218978103,0.9230769230769231,0.0427807486631016,0.11239669421487604,548,605,13,20371947,0.1724478923598306,0.17056019288221425,0.048519627523227964
T21,core,elastic,29,0.5036798691602086,0.09513086594452802,0.06313890559230306,0.07142857142857141,0.9741496598639455,0.9772791584133695,0.06702840727736993,0.5227891156462585,0.042920669492059145,0.9526563006154846,0.14513428703478706,0.4519160656877533,0.05555555555555555,0.07692307692307693,0.06451612903225806,0.9520661157024793,18,605,13,20260824,0.9037958586094654,0.15542350434947172,0.1964871385951255
T21,core,elastic,29,0.5487604720556449,0.10224076826114618,0.02840199750312121,0.6190476190476191,0.48349095735855324,0.9811447811447811,0.054312145628170896,0.5512692882030862,0.031287586864773655,0.48671849692257857,0.1495231015133119,0.49040633208470563,0.02476780185758514,0.6153846153846154,0.047619047619047616,0.47107438016528924,323,605,13,20273171,0.15987974279159803,0.09827366451101634,0.06610369702152573
T21,core,elastic,29,0.5343320138740754,0.09726798112744153,0.02821206065593047,0.38095238095238093,0.6799457994579942,0.9782766111513395,0.052533654372332386,0.5304490902051876,0.019878337615174504,0.6728269085411944,0.13586374744829943,0.42995961838073726,0.025380710659898477,0.38461538461538464,0.047619047619047616,0.6694214876033058,197,605,13,20285518,0.5688444568805997,0.44366683721489625,0.16986840801370878
T21,core,elastic,29,0.4775863113344455,0.09505847928328168,0.025011910433539848,0.21428571428571425,0.7962667994026872,0.9764985960200219,0.04479522184300352,0.5052762568442007,0.003992447874126508,0.7824101068999029,0.13582632658177363,0.439663485855249,0.023809523809523808,0.23076923076923078,0.04316546762589928,0.7801652892561983,126,605,13,20297865,0.570504916259136,0.4073444416101383,0.19193835252190036
T21,core,elastic,29,0.6286034274336921,0.1069832945529097,0.029559376001087358,0.6904761904761906,0.4471102262043032,0.9833955745861057,0.056691769918918875,0.5687932083402469,0.042218778162859974,0.4529046539250622,0.14243713362398153,0.43302183547783746,0.026627218934911243,0.6923076923076923,0.05128205128205128,0.44958677685950416,338,605,13,20310212,0.2975669455902761,0.4084999440493024,0.07978593803786668
T21,core,elastic,29,0.5633748660129958,0.10019450946367214,0.02518589589829701,0.23809523809523805,0.7752336707040535,0.976590259875984,0.04555314533622569,0.5066644543996458,0.004865615924908607,0.7624446604038442,0.14785401368644352,0.4658498625511623,0.02097902097902098,0.23076923076923078,0.038461538461538464,0.7520661157024794,143,605,13,20322559,0.46420813955270857,0.18439073681087945,0.07756264800913765
T21,core,elastic,29,0.5963347476040366,0.10318513297372334,0.03444316877152698,0.14285714285714282,0.9023228803716603,0.9773556422191468,0.05550416281221091,0.5225900116144016,0.02308832074081852,0.8842403628117915,0.14925739881416364,0.4696825341730861,0.03225806451612903,0.15384615384615385,0.05333333333333334,0.8826446280991735,62,605,13,20334906,0.7729528059332927,0.30589663823877516,0.1519655080866657
T21,core,elastic,29,0.534065620053675,0.09784581509183257,0.021978021978022035,0.28571428571428564,0.6898954703832748,0.9753694581280787,0.040816326530612346,0.48780487804878025,-0.008043357953509038,0.6802721088435375,0.1486205759847264,0.46702406538125685,0.021505376344086023,0.3076923076923077,0.04020100502512563,0.684297520661157,186,605,13,20347253,0.6186946897835368,0.38306248951025473,0.12015709015781348
T21,core,elastic,29,0.49781657146017605,0.030000578884659106,0.0,0.0,0.904103755323267,0.9737313930700912,0.0,0.4520518776616335,-0.05019024564063706,0.8825774754346185,0.13647131972833165,0.45622221787954326,0.0,0.0,0.0,0.8809917355371901,59,605,13,20359600,0.7701604541763041,0.3495755083750896,0.1542454756606387
T21,core,elastic,29,0.520675215498512,0.09652397863650447,0.019993335554815132,0.28571428571428564,0.6584204413472703,0.9742223749785185,0.037371535347243974,0.472067363530778,-0.01797612054394064,0.6495464852607711,0.14475891734224725,0.44936413205384346,0.019138755980861243,0.3076923076923077,0.036036036036036036,0.6462809917355372,209,605,13,20371947,0.5144491864448211,0.40155277870866574,0.09295840693501731
T21,engineered,elastic,64,0.41571236314890075,0.0908437451949546,0.09962049335863377,0.07142857142857141,0.9842541894806702,0.9775071680453482,0.08320126782884309,0.5278413804546208,0.06553381668609443,0.9625202461937158,0.12346481574818802,0.39660332605605403,0.09090909090909091,0.07692307692307693,0.08333333333333333,0.9636363636363636,11,605,13,20260824,0.9094675825665648,0.06834223468537533,0.18134436970766948
T21,engineered,elastic,64,0.42935889028472585,0.10494643687064814,0.019832765472099854,0.6190476190476191,0.25379680327415577,0.9646828817086757,0.03843419376183494,0.4364222111608874,-0.0443725346098458,0.2624932512687615,0.12467663113453692,0.4123794260648472,0.017817371937639197,0.6153846153846154,0.03463203463203463,0.2628099173553719,449,605,13,20273171,0.034040535076136386,0.04079189473374693,0.057779082450177
T21,engineered,elastic,64,0.45950089675824024,0.0619807807750502,0.025175705444246365,0.38095238095238093,0.6402245451025935,0.9769598865717491,0.04723014857817585,0.5105884630274873,0.006724973918635793,0.6340513983371128,0.11513884247923045,0.38584505276457093,0.0228310502283105,0.38461538461538464,0.04310344827586207,0.6330578512396694,219,605,13,20285518,0.5314821714730336,0.47181264126516476,0.161697793222899
T21,engineered,elastic,64,0.4570259230289108,0.09544351431564173,0.019222644697929937,0.3095238095238095,0.614816658370665,0.973338586813764,0.036197295147175935,0.4621702339472373,-0.023723695818033144,0.6075477810171688,0.11836251431618311,0.3972556647475123,0.01694915254237288,0.3076923076923077,0.0321285140562249,0.6016528925619835,236,605,13,20297865,0.503874521423503,0.4926186209035353,0.15497283143956353
T21,engineered,elastic,64,0.5432951190542048,0.06512888376281184,0.024096385542168797,0.761904761904762,0.2473867595818821,0.9770642201834863,0.04671532846715351,0.504645760743322,0.003283868608432541,0.25963718820861686,0.12305006739076947,0.4244187532125013,0.021834061135371178,0.7692307692307693,0.04246284501061571,0.2545454545454545,458,605,13,20310212,0.22155550195292073,0.3861906539286079,0.0904097442097977
T21,engineered,elastic,64,0.4670095680548657,0.09391740000219496,0.02652929451727924,0.6428571428571428,0.42465571594491475,0.9798996898809296,0.05095575746137896,0.5337564294010287,0.02083360544689556,0.42985098801425337,0.12684314176905231,0.4079127342087314,0.0223463687150838,0.6153846153846154,0.0431266846361186,0.4132231404958678,358,605,13,20322559,0.23788571934681466,0.32793508919502984,0.06486835207508411
T21,engineered,elastic,64,0.49070847851335764,0.09884562071586808,0.019181585677749396,0.14285714285714282,0.8218350754936116,0.9751929437706724,0.03382187147688844,0.4823461091753772,-0.014093363186598493,0.805668934240363,0.1254291001897202,0.40779590355723594,0.01818181818181818,0.15384615384615385,0.032520325203252036,0.8033057851239669,110,605,13,20334906,0.7362821557173783,0.4034422967488201,0.18548051424487627
T21,engineered,elastic,64,0.45581101972341553,0.09345941757310144,0.025943396226415172,0.5238095238095237,0.5203252032520324,0.9781659388646289,0.04943820224719115,0.5220673635307781,0.013467159412722684,0.5204081632653061,0.13100673806692503,0.42513784827331813,0.02413793103448276,0.5384615384615384,0.0462046204620462,0.5223140495867769,290,605,13,20347253,0.49738269686105036,0.49716757307903614,0.14688107008214718
T21,engineered,elastic,64,0.35245206096375975,0.019256591923645216,0.008809710258418185,0.07142857142857141,0.8039876113046839,0.9726020981641061,0.015684907633321744,0.43770809136662764,-0.048122633581378485,0.7865457294028724,0.11905156036834562,0.41604628206071187,0.008403361344537815,0.07692307692307693,0.015151515151515152,0.7851239669421488,119,605,13,20359600,0.7473537961427995,0.4246642506385448,0.23974649031857836
T21,engineered,elastic,64,0.42922826118446,0.09198741028302902,0.02281765434513338,0.23809523809523803,0.7513024722083951,0.9758625891683368,0.04164435718960091,0.49469885515181655,-0.003740647082905071,0.7390832523485584,0.12862304393601806,0.4156069105118606,0.02,0.23076923076923078,0.03680981595092025,0.740495867768595,150,605,13,20371947,0.3955228960566728,0.1930273386370969,0.06038422611634713
T21,longitudinal,elastic,157,0.40045404146947317,0.020506830265834212,0.0,0.0,0.8280736684917863,0.9713885320565221,0.0,0.41403683424589316,-0.07013604438936526,0.8083576287657921,0.07178500150625224,0.3156477485408865,0.0,0.0,0.0,0.8115702479338843,101,605,13,20260824,0.3651351251523157,0.36949391967366413,0.09128402168853296
T21,longitudinal,elastic,157,0.3371076188896015,0.018054146491365514,0.02081598667776859,0.23809523809523805,0.7268292682926826,0.9750701153007166,0.03828483920367545,0.4824622531939603,-0.012012368782816493,0.7151927437641724,0.07967595930652074,0.37720838140342605,0.01818181818181818,0.23076923076923078,0.033707865168539325,0.715702479338843,165,605,13,20273171,0.6386251698656334,0.4111480096695519,0.12012899202902433
T21,longitudinal,elastic,157,0.30198603638125915,0.017265280685600654,0.0,0.0,0.9831591173054588,0.9757925072046109,0.0,0.4915795586527294,-0.020190976858394574,0.9597505668934243,0.08561644447851313,0.4173278463449967,0.0,0.0,0.0,0.9636363636363636,9,605,13,20285518,0.9004519178229354,0.17215463867707262,0.14745408967786278
T21,longitudinal,elastic,157,0.3266734878233149,0.017998701349610593,0.021896608495225612,0.45238095238095233,0.5071345611415299,0.9743385400063753,0.0417713567839197,0.4797577567612411,-0.012345771728684701,0.5058309037900875,0.0768833454777404,0.40472883188515724,0.020066889632107024,0.46153846153846156,0.038461538461538464,0.5041322314049587,299,605,13,20297865,0.26631722878848635,0.4222116677351127,0.07793728005546438
T21,longitudinal,elastic,157,0.47882807788233506,0.0257124502911917,0.02150537634408607,0.23809523809523805,0.7357723577235769,0.9753656658968436,0.03944773175542415,0.48693379790940744,-0.009042521154295996,0.7239229024943312,0.08830115175710973,0.42750658992133334,0.01875,0.23076923076923078,0.03468208092485549,0.7239669421487603,160,605,13,20310212,0.7334674322334805,0.4256393835906813,0.12893059923302244
T21,longitudinal,elastic,157,0.35591109846958646,0.0193554852864342,0.010482180293501063,0.07142857142857141,0.8355400696864104,0.9736094194072268,0.018281535648994537,0.4534843205574909,-0.03847050945241165,0.8173469387755103,0.08339449763196978,0.39570726844178694,0.01098901098901099,0.07692307692307693,0.019230769230769232,0.8314049586776859,91,605,13,20322559,0.7574855829620525,0.42272390807505295,0.13169720240381855
T21,longitudinal,elastic,157,0.3572965306912561,0.019033976482295878,0.023732470334412167,0.5238095238095238,0.474448315911731,0.97610513739546,0.04540763673890624,0.4991289198606274,-0.0005318960073103453,0.47562358276644,0.08288693312983492,0.3920449756920768,0.021806853582554516,0.5384615384615384,0.041916167664670656,0.47107438016528924,321,605,13,20334906,0.38026653763068774,0.4167650647544615,0.07854258342064006
T21,longitudinal,elastic,157,0.39671833890350733,0.01987086643828575,0.024060150375939983,0.7619047619047619,0.24622531939605166,0.9769585253456221,0.04664723032069996,0.5040650406504068,0.002877831898402821,0.2585034013605443,0.07929117345963074,0.35263590182908805,0.022026431718061675,0.7692307692307693,0.042826552462526764,0.2611570247933884,454,605,13,20347253,0.2479339516917568,0.4321704721273462,0.07739184055115764
T21,longitudinal,elastic,157,0.4652854482869427,0.04167385391694847,0.017411010391333245,0.42857142857142855,0.4100879376140703,0.9671310064172797,0.033462580336750515,0.41932968309274943,-0.04993997202234174,0.4105280207321024,0.09114486384459916,0.42100763998000473,0.017094017094017096,0.46153846153846156,0.03296703296703297,0.41818181818181815,351,605,13,20359600,0.2628809301865409,0.42256483042054555,0.07706681112911427
T21,longitudinal,elastic,157,0.38513053692247445,0.02201168047146741,0.02112091725126354,0.38095238095238093,0.5693711630993858,0.9741668086072786,0.04002287021154956,0.4751617720258834,-0.015299969895529958,0.5648850016196956,0.0895313787343895,0.41161947924064046,0.01953125,0.38461538461538464,0.03717472118959108,0.571900826446281,256,605,13,20371947,0.29621511815349977,0.4097051102748866,0.08355496523395192
T21,no_maternal,elastic,149,0.3904145630377601,0.02006755773595214,0.01708150317227921,0.23809523809523805,0.6658370665339302,0.9728484848484847,0.03187613843351557,0.4519661523145841,-0.03110310021849705,0.6556527372853904,0.07271031056261784,0.3169336158744841,0.015384615384615385,0.23076923076923078,0.028846153846153848,0.6661157024793388,195,605,13,20260824,0.39525635629006617,0.3931934205466552,0.08710156140738336
T21,no_maternal,elastic,149,0.34827430004134974,0.01939862884274739,0.021186440677966167,0.23809523809523805,0.7317073170731703,0.9752321981424147,0.03891050583657599,0.4849012775842042,-0.010399420976360515,0.7199546485260772,0.07735431160641631,0.3720881587799378,0.018518518518518517,0.23076923076923078,0.03428571428571429,0.7206611570247934,162,605,13,20273171,0.6562627566455839,0.407988485570584,0.12217143701150801
T21,no_maternal,elastic,149,0.30316051314060416,0.017028581255679236,0.0,0.0,0.9849012775842043,0.9758342922899884,0.0,0.49245063879210216,-0.019101604976930333,0.961451247165533,0.09536604558364627,0.4385072383564873,0.0,0.0,0.0,0.9652892561983472,8,605,13,20285518,0.8898306422751511,0.10943529360563296,0.1549009127619967
T21,no_maternal,elastic,149,0.37174000068475044,0.02065382701555609,0.025171163914619515,0.5952380952380952,0.43774680603948934,0.9779449922158796,0.048299845440494774,0.5164924506387922,0.010138348106573426,0.44149659863945595,0.07600900719569878,0.3881516633193818,0.023880597014925373,0.6153846153846154,0.04597701149425287,0.4512396694214876,335,605,13,20297865,0.2895488290766743,0.4139607938628386,0.07678588528233553
T21,no_maternal,elastic,149,0.4692043212949151,0.0261030614813288,0.021551724137931084,0.23809523809523805,0.736353077816492,0.9753846153846153,0.03952569169960483,0.487224157955865,-0.00884769374885885,0.7244897959183674,0.09317551437675352,0.4359685856360678,0.018867924528301886,0.23076923076923078,0.03488372093023256,0.7256198347107438,159,605,13,20310212,0.7323860379747821,0.4247498877376082,0.12523399860907042
T21,no_maternal,elastic,149,0.35351987484889563,0.019099127961645042,0.0,0.0,0.9604446656711465,0.9752341802008221,0.0,0.48022233283557325,-0.03129888627546722,0.9375769355361192,0.08711103922829631,0.40346044216758103,0.0,0.0,0.0,0.9371900826446281,25,605,13,20322559,0.7893089421057158,0.22648194345837713,0.13634134295310735
T21,no_maternal,elastic,149,0.3634875862849999,0.02055489767767414,0.02484402435835178,0.4523809523809524,0.5669155467064875,0.9769822434449431,0.0471013209618587,0.50964824954372,0.0059363772622452,0.5641885325558796,0.08142698495203966,0.40420425845429264,0.022556390977443608,0.46153846153846156,0.043010752688172046,0.5586776859504132,266,605,13,20334906,0.4435701275551094,0.44521169497371627,0.08661878289371311
T21,no_maternal,elastic,149,0.43603387928923193,0.022066934769079474,0.024060150375939983,0.7619047619047619,0.24622531939605166,0.9769585253456221,0.04664723032069996,0.5040650406504068,0.002877831898402821,0.2585034013605443,0.08235299546277224,0.36076994734763457,0.022026431718061675,0.7692307692307693,0.042826552462526764,0.2611570247933884,454,605,13,20347253,0.2479334301993932,0.4321697430962134,0.07736556606931648
T21,no_maternal,elastic,149,0.45808636269064495,0.04202817985942335,0.01820546163849161,0.42857142857142855,0.43628670980587375,0.9690436705362078,0.03492723492723504,0.4324290691886512,-0.04151115531054324,0.43610301263362494,0.09506208814729161,0.43154300174650884,0.017857142857142856,0.46153846153846156,0.034383954154727794,0.44297520661157025,336,605,13,20359600,0.2753209678067313,0.4172814925632431,0.08387981425237835
T21,no_maternal,elastic,149,0.38393907311279263,0.02228228395509542,0.02425922717033451,0.38095238095238093,0.6262817322050768,0.9764590231788078,0.04561374928728531,0.5036170565787289,0.002279452631900546,0.620440557175251,0.09177092518024012,0.4152122858421029,0.02252252252252252,0.38461538461538464,0.0425531914893617,0.628099173553719,222,605,13,20371947,0.3995237579810848,0.3860892874546876,0.0826237167754411
T21,no_qc,elastic,87,0.35847943513448866,0.01900461558958192,0.0203858755005461,0.38095238095238093,0.5535092085614732,0.9734461628246278,0.03870076019350389,0.4672307947569271,-0.02010568089141901,0.5494007126660189,0.09421446164178239,0.34833376340419664,0.018726591760299626,0.38461538461538464,0.03571428571428571,0.5537190082644629,267,605,13,20260824,0.2614287538370701,0.3631712504825431,0.0667949537542555
T21,no_qc,elastic,87,0.3587301587301599,0.04144011810092635,0.017946417126009563,0.47619047619047605,0.3644433383109344,0.9661315152848031,0.03458925262507735,0.42031690725070525,-0.050373000475846086,0.36710398445092324,0.09525012979495186,0.35343216551555906,0.015873015873015872,0.46153846153846156,0.030690537084398978,0.37355371900826445,378,605,13,20273171,0.2517631164415403,0.410130139507115,0.07319886311672841
T21,no_qc,elastic,87,0.3843408366056462,0.02469792528651082,0.015838059611439647,0.23809523809523805,0.6391460649300368,0.971746661733544,0.02970044974966771,0.4386206515126374,-0.039039511142788724,0.6295972357196847,0.11514955013886738,0.39903057589207724,0.013574660633484163,0.23076923076923078,0.02564102564102564,0.6231404958677685,221,605,13,20285518,0.4273787443465834,0.39906277349114083,0.08478679453717586
T21,no_qc,elastic,87,0.4168069085938684,0.0230010950198127,0.02037667743719624,0.4761904761904761,0.44162933466069365,0.97188447073429,0.03908103732239077,0.4589099054255849,-0.02521864998492319,0.44245221898283127,0.11311015960479252,0.39204439960381476,0.01744186046511628,0.46153846153846156,0.03361344537815126,0.4297520661157025,344,605,13,20297865,0.19935181425059265,0.3154969208199939,0.05042567231058131
T21,no_qc,elastic,87,0.4052251640106307,0.020325483330432485,0.018990463663268762,0.5238095238095238,0.34002544107073773,0.9669707455174582,0.03665212217374076,0.4319174824401308,-0.043721761686201295,0.3444012525645179,0.11210761209928072,0.4260716095684494,0.017456359102244388,0.5384615384615384,0.033816425120772944,0.33884297520661155,401,605,13,20310212,0.05381528178382031,0.07267767385568191,0.054870557791800424
T21,no_qc,elastic,87,0.3867286364797574,0.020152823325998524,0.013888888888888926,0.23809523809523805,0.5876887340301973,0.9693486590038313,0.026246719160105056,0.41289198606271765,-0.05403968748584598,0.5793650793650793,0.1170067210941222,0.4077972239798449,0.01195219123505976,0.23076923076923078,0.022727272727272728,0.5735537190082645,251,605,13,20322559,0.35227186639343655,0.3373263109355936,0.06799789919492463
T21,no_qc,elastic,87,0.42906313125327666,0.024136505293222678,0.022199106961640062,0.5952380952380952,0.3605276256844206,0.9733470704174878,0.04280193709338182,0.47788286046125794,-0.01403608324189001,0.3661159701976029,0.1065086677956595,0.36899746456649946,0.020460358056265986,0.6153846153846154,0.039603960396039604,0.3586776859504132,391,605,13,20334906,0.061268577718777265,0.06124580732259765,0.05593369472196886
T21,no_qc,elastic,87,0.41202735836882376,0.021641013469666924,0.02048647242455781,0.42857142857142855,0.5002156960345114,0.9728927326707112,0.039103717956675665,0.46439356230297,-0.02171372475095474,0.4985098801425333,0.11237547281175363,0.3795312754701273,0.020134228187919462,0.46153846153846156,0.03858520900321544,0.5057851239669422,298,605,13,20347253,0.2479407792485959,0.35753507417342034,0.07415446956686031
T21,no_qc,elastic,87,0.35042204260721044,0.019029643144559155,0.01829826166514192,0.6666666666666666,0.12764227642276485,0.9401197604790419,0.03561887800534304,0.3971544715447158,-0.09248265228460231,0.14047619047619048,0.10051661140027036,0.3618677773650087,0.017208413001912046,0.6923076923076923,0.033582089552238806,0.14380165289256197,523,605,13,20359600,0.007062913698001171,0.011668277808335608,0.04922468169392856
T21,no_qc,elastic,87,0.3826009149304336,0.028379817256001916,0.015369544656127594,0.3095238095238095,0.5163597146175541,0.968415484192183,0.029284932741198505,0.4129417620706818,-0.05313467448927832,0.5114350502105605,0.11649548220687288,0.3917153704630445,0.013745704467353952,0.3076923076923077,0.02631578947368421,0.5107438016528926,291,605,13,20371947,0.21836495778333168,0.27875177686126174,0.05902933561954748
